titulo;ano;categoria;links reserva;link;id;origem
101 Dalmatas;;Filmes;0;http://tvonhdbr.com:80/493754/NqCxf1/137614.m3u8;VOD_Y39XAPQQG9;Filmes Saimo
24H Chaves;;Filmes;0;https://52d080a3e172c33fd6886a37e7.s23-cloudfront-net.lat/8e8e8b142192ea65/24h_chaves.txt;VOD_1HSQ41AWQEZ;Filmes Saimo
24H Dragon Ball Z;;Filmes;0;https://52d080a3e172c33fd6886a37e7.s23-cloudfront-net.lat/8e8e8b142192ea65/24h_dragonball.txt;VOD_FP1KTUT3C8;Filmes Saimo
24H Friends;;Filmes;0;https://52d080a3e172c33fd6886a37e7.s23-cloudfront-net.lat/8e8e8b142192ea65/24h_friends.txt;VOD_1HUJJCCS3EY;Filmes Saimo
24H Naruto Clássico;;Filmes;0;https://52d080a3e172c33fd6886a37e7.s23-cloudfront-net.lat/8e8e8b142192ea65/24h_naruto.txt;VOD_IPN5ZDS176;Filmes Saimo
24H Os Simpsons;;Filmes;0;https://52d080a3e172c33fd6886a37e7.s23-cloudfront-net.lat/8e8e8b142192ea65/24h_simpsons.txt;VOD_EOMIZWEGIE;Filmes Saimo
24H Pica Pau;;Filmes;0;https://52d080a3e172c33fd6886a37e7.s23-cloudfront-net.lat/8e8e8b142192ea65/24h_picapau.txt;VOD_PSO24W9LBN;Filmes Saimo
24H Todo Mundo Odeia o Cris;;Filmes;0;https://52d080a3e172c33fd6886a37e7.s23-cloudfront-net.lat/8e8e8b142192ea65/24h_odeiachris.txt;VOD_1R9FOCKUMTB;Filmes Saimo
3 Palavrinhas;;Filmes;0;http://tvonhdbr.com:80/493754/NqCxf1/138711.m3u8;VOD_1TTYA3374XK;Filmes Saimo
4 Amigos Stand Up Comedy;;Filmes;0;http://tvonhdbr.com:80/493754/NqCxf1/138721.m3u8;VOD_1I6NP3N2SLY;Filmes Saimo
4 CONTRA APOCALIPSE;;Filmes;0;http://corruptx.org:80/hfp5ejnrey/zq0u3kzads/1169268.m3u8;VOD_11T6H3Y602;Filmes Saimo
44 Gatos;;Filmes;0;http://tvonhdbr.com:80/493754/NqCxf1/137410.m3u8;VOD_1QSRDDE7N0C;Filmes Saimo
5 Alguma Coisa;;Filmes;0;http://tvonhdbr.com:80/493754/NqCxf1/138729.m3u8;VOD_2BU6EYIOGZL;Filmes Saimo
A Beleza Secreta dos Animais;;Filmes;0;http://tvonhdbr.com:80/493754/NqCxf1/138011.m3u8;VOD_2BLQ7LC35EX;Filmes Saimo
A Bruxinha Sabrina;;Filmes;0;http://tvonhdbr.com:80/493754/NqCxf1/138935.m3u8;VOD_YO4A7BCWZY;Filmes Saimo
A Caçadora de Relíquias;;Filmes;0;https://jmp2.uk/plu-67e59a6557487a8b7fe73e23.m3u8;VOD_2ECAHRDF5UQ;Filmes Saimo
A Casa da Coruja;;Filmes;0;http://tvonhdbr.com:80/493754/NqCxf1/137411.m3u8;VOD_1FVDHBFCRRO;Filmes Saimo
A Casa do Mickey Mouse;;Filmes;0;http://tvonhdbr.com:80/493754/NqCxf1/137412.m3u8;VOD_1YJ6K1BRW4V;Filmes Saimo
A Casa Magica da Gabby;;Filmes;0;http://tvonhdbr.com:80/493754/NqCxf1/137137.m3u8;VOD_UI276HFGDO;Filmes Saimo
A Cegonha da Perna Fina;;Filmes;0;http://tvonhdbr.com:80/493754/NqCxf1/138936.m3u8;VOD_2DNSCWS3EU8;Filmes Saimo
A Corrida Maluca;;Filmes;0;http://tvonhdbr.com:80/493754/NqCxf1/225327.m3u8;VOD_1H9EMXIQDPP;Filmes Saimo
A Culpa e da Carlota;;Filmes;0;http://tvonhdbr.com:80/493754/NqCxf1/140763.m3u8;VOD_JYUG0YR1DG;Filmes Saimo
A Culpa e do Cabral;;Filmes;0;http://tvonhdbr.com:80/493754/NqCxf1/140765.m3u8;VOD_2EQTL60Z0M9;Filmes Saimo
A Culpa e do Cabral Na Estrada;;Filmes;0;http://tvonhdbr.com:80/493754/NqCxf1/140764.m3u8;VOD_1KRR6BU0EL6;Filmes Saimo
A Diarista;;Filmes;0;http://tvonhdbr.com:80/493754/NqCxf1/139273.m3u8;VOD_T7KIJCWMB9;Filmes Saimo
A Familia Addams;;Filmes;0;http://tvonhdbr.com:80/493754/NqCxf1/138937.m3u8;VOD_2EVR03FMFZI;Filmes Saimo
A Familia Dracula;;Filmes;0;http://tvonhdbr.com:80/493754/NqCxf1/152013.m3u8;VOD_UDJWS5C5LV;Filmes Saimo
A Familia Urso;;Filmes;0;http://tvonhdbr.com:80/493754/NqCxf1/135544.m3u8;VOD_U1V0AURILB;Filmes Saimo
A Fazenda 18 1;;Filmes;0;https://52d080a3e172c33fd6886a37e7.s23-cloudfront-net.lat/8e8e8b142192ea65/afazenda.txt;VOD_16B4UZ3P2XP;Filmes Saimo
A Fazenda 18 2;;Filmes;0;https://52d080a3e172c33fd6886a37e7.s23-cloudfront-net.lat/8e8e8b142192ea65/afazenda2.txt;VOD_MAKPWFALRW;Filmes Saimo
A Fazenda 18 3;;Filmes;0;https://52d080a3e172c33fd6886a37e7.s23-cloudfront-net.lat/8e8e8b142192ea65/afazenda3.txt;VOD_FRMTM5766Y;Filmes Saimo
A Fazenda 18 4;;Filmes;0;https://52d080a3e172c33fd6886a37e7.s23-cloudfront-net.lat/8e8e8b142192ea65/afazenda4.txt;VOD_6W4SBZFN7T;Filmes Saimo
A Fazenda 18 5;;Filmes;0;https://52d080a3e172c33fd6886a37e7.s23-cloudfront-net.lat/8e8e8b142192ea65/afazenda5.txt;VOD_2AARET6WFNA;Filmes Saimo
A FAZENDA 18 MOSAICO;;Filmes;0;http://corruptx.org:80/hfp5ejnrey/zq0u3kzads/2470067.m3u8;VOD_1ESXCPVRE10;Filmes Saimo
A Fazenda Cam 1;;Filmes;0;http://tvonhdbr.com:80/493754/NqCxf1/397317.m3u8;VOD_27JXHHSR6O8;Filmes Saimo
A Fazenda Cam 2;;Filmes;0;http://tvonhdbr.com:80/493754/NqCxf1/397320.m3u8;VOD_W9L5D0IAR7;Filmes Saimo
A Fazenda Cam 3;;Filmes;0;http://tvonhdbr.com:80/493754/NqCxf1/397321.m3u8;VOD_1YSUXBT49P6;Filmes Saimo
A Fazenda Cam 4;;Filmes;0;http://tvonhdbr.com:80/493754/NqCxf1/397322.m3u8;VOD_2E1SOBBNWEY;Filmes Saimo
A Fazenda Cam 5;;Filmes;0;http://tvonhdbr.com:80/493754/NqCxf1/397323.m3u8;VOD_1YZOD0Z3YS7;Filmes Saimo
A Fazenda Cam 6;;Filmes;0;http://tvonhdbr.com:80/493754/NqCxf1/397324.m3u8;VOD_IYIQADBCPY;Filmes Saimo
A Feiticeira;;Filmes;0;https://jmp2.uk/plu-631fa8dd7f25240007099a40.m3u8;VOD_106D0WD5CQC;Filmes Saimo
A Festa da Salsicha Comilandia;;Filmes;0;http://tvonhdbr.com:80/493754/NqCxf1/306836.m3u8;VOD_XAD4FPYF5D;Filmes Saimo
A Formiga e O Tamandua;;Filmes;0;http://tvonhdbr.com:80/493754/NqCxf1/135535.m3u8;VOD_1LDNZZO5ZA4;Filmes Saimo
A Grande Familia;;Filmes;0;http://tvonhdbr.com:80/493754/NqCxf1/137413.m3u8;VOD_2CXERI4NQUU;Filmes Saimo
A Guarda do Leao;;Filmes;0;http://tvonhdbr.com:80/493754/NqCxf1/306832.m3u8;VOD_R8YQNNGZXF;Filmes Saimo
A Lula Lele;;Filmes;0;http://tvonhdbr.com:80/493754/NqCxf1/135536.m3u8;VOD_1OKY7UO706V;Filmes Saimo
A Nova pantera Cor de Rosa;;Filmes;0;http://tvonhdbr.com:80/493754/NqCxf1/254767.m3u8;VOD_20LW1HAPG4T;Filmes Saimo
A Pantera Cor de Rosa;;Filmes;0;http://tvonhdbr.com:80/493754/NqCxf1/135537.m3u8;VOD_1328A4HC2OK;Filmes Saimo
A Pequena Sereia;;Filmes;0;http://tvonhdbr.com:80/493754/NqCxf1/135538.m3u8;VOD_M5ETQ17W29;Filmes Saimo
A Sombra do Batman;;Filmes;0;http://tvonhdbr.com:80/493754/NqCxf1/375071.m3u8;VOD_181ZU5CSD99;Filmes Saimo
A Turma do Charlie Brown e Snoopy;;Filmes;0;http://tvonhdbr.com:80/493754/NqCxf1/137409.m3u8;VOD_29KJ5PI9UPO;Filmes Saimo
A Turma do Manda Chuva;;Filmes;0;http://tvonhdbr.com:80/493754/NqCxf1/135539.m3u8;VOD_218LRBY4D97;Filmes Saimo
A Turma do Pateta;;Filmes;0;http://tvonhdbr.com:80/493754/NqCxf1/138812.m3u8;VOD_12ZHK7P0VL3;Filmes Saimo
A Vaca e o Frango;;Filmes;0;http://tvonhdbr.com:80/493754/NqCxf1/135553.m3u8;VOD_17RF7KBSQHC;Filmes Saimo
A Vida Secreta dos Animais;;Filmes;0;http://tvonhdbr.com:80/493754/NqCxf1/306837.m3u8;VOD_1Q7WMFHZTMB;Filmes Saimo
A Vila;;Filmes;0;http://tvonhdbr.com:80/493754/NqCxf1/140730.m3u8;VOD_1GD74X469E7;Filmes Saimo
A&E;;Filmes;0;https://frostview.squareweb.app/relay/m/aHR0cDovL3BhbGRpLnBybzo4MC9saXZlL3RvbmluaG8wMi9DYjQ5ODAzNy83MTc2MC5tM3U4.m3u8;VOD_1U8UAUL687X;Filmes Saimo
Aaahh!!! Monstros;;Filmes;0;http://tvonhdbr.com:80/493754/NqCxf1/135549.m3u8;VOD_1V46HAS5I4B;Filmes Saimo
Acampamento Lakebottom;;Filmes;0;http://tvonhdbr.com:80/493754/NqCxf1/141493.m3u8;VOD_2BETZK7FJHE;Filmes Saimo
Acumuladores Obsessivos;;Filmes;0;https://jmp2.uk/plu-656e2a4b4261ca00083aa99e.m3u8;VOD_1WJSTMZGNUC;Filmes Saimo
Adrenalina Pura TV;;Filmes;0;https://jmp2.uk/plu-61b790b985706b00072cb797.m3u8;VOD_DTR68YFWDU;Filmes Saimo
Adult Swim;;Filmes;0;https://frostview.squareweb.app/relay/m/aHR0cDovL3BhbGRpLnBybzo4MC9saXZlL3RvbmluaG8wMi9DYjQ5ODAzNy8yNTE5NTcubTN1OA.m3u8;VOD_1L74EJ75I3X;Filmes Saimo
Aeon Flux;;Filmes;0;http://tvonhdbr.com:80/493754/NqCxf1/136697.m3u8;VOD_13GWMWO9FX4;Filmes Saimo
AEROPORTO AREA RESTRITA;;Filmes;0;http://64.31.23.207:80/59471019/60849037/2945300.m3u8;VOD_61F8FM2HRF;Filmes Saimo
Agente K.C;;Filmes;0;http://tvonhdbr.com:80/493754/NqCxf1/155407.m3u8;VOD_10LYHHK69AE;Filmes Saimo
Agro Mais;;Filmes;0;https://frostview.squareweb.app/relay/m/aHR0cDovL3BhbGRpLnBybzo4MC9saXZlL3RvbmluaG8wMi9DYjQ5ODAzNy83MTc2NC5tM3U4.m3u8;VOD_Z63IAE4X3I;Filmes Saimo
Aladdin;;Filmes;0;http://tvonhdbr.com:80/493754/NqCxf1/138730.m3u8;VOD_2GAL2YFMBQA;Filmes Saimo
Alf O Eteimoso;;Filmes;0;http://tvonhdbr.com:80/493754/NqCxf1/135550.m3u8;VOD_11LSLDMR1P5;Filmes Saimo
Alien TV;;Filmes;0;http://tvonhdbr.com:80/493754/NqCxf1/140775.m3u8;VOD_1XR1JYHN8JD;Filmes Saimo
Alienigenas do Passado;;Filmes;0;http://tvonhdbr.com:80/493754/NqCxf1/140734.m3u8;VOD_14VIBIBUQE9;Filmes Saimo
Amazon Prime Video 01;;Filmes;0;https://52d080a3e172c33fd6886a37e7.s23-cloudfront-net.lat/8e8e8b142192ea65/primevideo.txt;VOD_M0C9USUT28;Filmes Saimo
Amazon Prime Video 02;;Filmes;0;https://52d080a3e172c33fd6886a37e7.s23-cloudfront-net.lat/8e8e8b142192ea65/primevideo2.txt;VOD_2FR5KF4Z8VV;Filmes Saimo
Amazon Prime Video 03;;Filmes;0;http://64.31.23.207:80/59471019/60849037/3460181.m3u8;VOD_IQIBFL3Y6X;Filmes Saimo
Amazon Prime Video 04;;Filmes;0;https://52d080a3e172c33fd6886a37e7.s23-cloudfront-net.lat/8e8e8b142192ea65/primevideo4.txt;VOD_1OP54DC4T76;Filmes Saimo
AMC;;Filmes;0;https://frostview.squareweb.app/relay/m/aHR0cDovL3BhbGRpLnBybzo4MC9saXZlL3RvbmluaG8wMi9DYjQ5ODAzNy83MTc2OC5tM3U4.m3u8;VOD_25V01TV4T81;Filmes Saimo
AMC Séries;;Filmes;0;https://xn--l---------------------------_________________________-2w85c.null-null.shop/tos-alisg-avt-0068/proxy.m3u8?container=images&refresh=10&url=https://neosoro.gq/docs/amcseries/__index.m3u8?sv=104&cc=y&secure_uri=true&nu3zAQc9HC3GbwJq=1788472213-9X3RxgrzGBnYkKf9TDcG8To6ntcgw1Ltd1LupkS57Fg%3D;VOD_7A5CGZ138F;Filmes Saimo
American Dad;;Filmes;0;http://tvonhdbr.com:80/493754/NqCxf1/223832.m3u8;VOD_T68000682I;Filmes Saimo
Amphibia;;Filmes;0;http://tvonhdbr.com:80/493754/NqCxf1/306838.m3u8;VOD_Z7LBOW9C4M;Filmes Saimo
Ana Pimentinha;;Filmes;0;http://tvonhdbr.com:80/493754/NqCxf1/138939.m3u8;VOD_MS89CAM4SK;Filmes Saimo
Andorra x Malta;;Filmes;0;http://tvonhdbr.com:80/493754/NqCxf1/317686.m3u8;VOD_1OYAK3GJANQ;Filmes Saimo
Andy Panda;;Filmes;0;http://tvonhdbr.com:80/493754/NqCxf1/140776.m3u8;VOD_1UANLMU9A2V;Filmes Saimo
Angry Birds A Ilha Misteriosa;;Filmes;0;http://tvonhdbr.com:80/493754/NqCxf1/306839.m3u8;VOD_3WD547ZHW2;Filmes Saimo
Animal Planet;;Filmes;0;https://frostview.squareweb.app/relay/m/aHR0cDovL3BhbGRpLnBybzo4MC9saXZlL3RvbmluaG8wMi9DYjQ5ODAzNy83MTc3Mi5tM3U4.m3u8;VOD_DR88BBORLS;Filmes Saimo
Animaniacs (1993);1993;Filmes;0;http://tvonhdbr.com:80/493754/NqCxf1/135540.m3u8;VOD_25PRF8RRSWG;Filmes Saimo
Animaniacs (2020);2020;Filmes;0;http://tvonhdbr.com:80/493754/NqCxf1/135541.m3u8;VOD_KI8D4GPMIW;Filmes Saimo
Anota Ai;;Filmes;0;http://tvonhdbr.com:80/493754/NqCxf1/140777.m3u8;VOD_1GN4H48I3M5;Filmes Saimo
APENAS UM SHOW;;Filmes;0;http://corruptx.org:80/hfp5ejnrey/zq0u3kzads/1169277.m3u8;VOD_11S34GKMG5Q;Filmes Saimo
AQUAMAN;;Filmes;0;http://corruptx.org:80/hfp5ejnrey/zq0u3kzads/1169207.m3u8;VOD_6M12F30NMD;Filmes Saimo
Arlequina;;Filmes;0;http://tvonhdbr.com:80/493754/NqCxf1/223833.m3u8;VOD_NNN5A9KPSA;Filmes Saimo
Arquivo Morto;;Filmes;0;http://tvonhdbr.com:80/493754/NqCxf1/138731.m3u8;VOD_2CUJVDS670Z;Filmes Saimo
Arquivo X;;Filmes;0;http://tvonhdbr.com:80/493754/NqCxf1/138738.m3u8;VOD_UR4O5Q4H7V;Filmes Saimo
Arte 1;;Filmes;0;https://frostview.squareweb.app/relay/m/aHR0cDovL3BhbGRpLnBybzo4MC9saXZlL3RvbmluaG8wMi9DYjQ5ODAzNy83MTc3Ny5tM3U4.m3u8;VOD_K40V25E6GR;Filmes Saimo
As Aventura de Tom e Jerry;;Filmes;0;http://tvonhdbr.com:80/493754/NqCxf1/136815.m3u8;VOD_XF3F6LI594;Filmes Saimo
As Aventuras de Jackie Chan;;Filmes;0;http://tvonhdbr.com:80/493754/NqCxf1/135542.m3u8;VOD_CC5E5MQGBT;Filmes Saimo
As Aventuras de Sunny Bunnies;;Filmes;0;http://tvonhdbr.com:80/493754/NqCxf1/223838.m3u8;VOD_1N0ISV1798J;Filmes Saimo
As Aventuras de Tintim;;Filmes;0;http://tvonhdbr.com:80/493754/NqCxf1/306840.m3u8;VOD_1GCC3K8BAKF;Filmes Saimo
As Aventuras do Batman;;Filmes;0;http://tvonhdbr.com:80/493754/NqCxf1/135543.m3u8;VOD_CDC1409MDN;Filmes Saimo
As Aventuras do Gato de Botas;;Filmes;0;http://tvonhdbr.com:80/493754/NqCxf1/140528.m3u8;VOD_1NA3358BGIQ;Filmes Saimo
As Irmãs Grimm;;Filmes;0;http://tvonhdbr.com:80/493754/NqCxf1/371449.m3u8;VOD_ZEP5CDM081;Filmes Saimo
As Meninas Superpoderosas;;Filmes;0;http://tvonhdbr.com:80/493754/NqCxf1/137138.m3u8;VOD_1CHMR7CVNQC;Filmes Saimo
As Novas Aventuras de Christine;;Filmes;0;http://tvonhdbr.com:80/493754/NqCxf1/138749.m3u8;VOD_1A11X2TSP7V;Filmes Saimo
As Novas Aventuras do Superman;;Filmes;0;http://tvonhdbr.com:80/493754/NqCxf1/135554.m3u8;VOD_127KD39ED9F;Filmes Saimo
As Novas Aventuras do Ursinho Puff;;Filmes;0;http://tvonhdbr.com:80/493754/NqCxf1/135557.m3u8;VOD_9W3P7TTALA;Filmes Saimo
As Tartarugas Ninja;;Filmes;0;http://tvonhdbr.com:80/493754/NqCxf1/151613.m3u8;VOD_1OX4TZKJTYP;Filmes Saimo
As Tartarugas Ninja (1987);1987;Filmes;0;http://tvonhdbr.com:80/493754/NqCxf1/150494.m3u8;VOD_20KZWJWMZLS;Filmes Saimo
As Terriveis Aventuras de Billy e Mandy;;Filmes;0;http://tvonhdbr.com:80/493754/NqCxf1/135551.m3u8;VOD_1NGAIQC70SJ;Filmes Saimo
As Visoes da Raven;;Filmes;0;http://tvonhdbr.com:80/493754/NqCxf1/135558.m3u8;VOD_KSSMT9JQ2D;Filmes Saimo
Assombrações;;Filmes;0;https://jmp2.uk/plu-620d1512c7986a0007220213.m3u8;VOD_12TYM9QAA58;Filmes Saimo
Austin e Ally;;Filmes;0;http://tvonhdbr.com:80/493754/NqCxf1/138750.m3u8;VOD_100N39D19H3;Filmes Saimo
Áustria x Israel;;Filmes;0;http://tvonhdbr.com:80/493754/NqCxf1/317691.m3u8;VOD_2BQRS3L3MIM;Filmes Saimo
Avatar: A lenda de Aang;;Filmes;0;https://jmp2.uk/plu-6759eeb1bd523200083b4f29.m3u8;VOD_P1G4P1F758;Filmes Saimo
AXN;;Filmes;0;https://frostview.squareweb.app/relay/m/aHR0cDovL3BhbGRpLnBybzo4MC9saXZlL3RvbmluaG8wMi9DYjQ5ODAzNy83MTc4MS5tM3U4.m3u8;VOD_1JQ955JR2M8;Filmes Saimo
B Positive;;Filmes;0;http://tvonhdbr.com:80/493754/NqCxf1/140778.m3u8;VOD_1EQ734R61M4;Filmes Saimo
B THE BEGINNING;;Filmes;0;http://corruptx.org:80/hfp5ejnrey/zq0u3kzads/1169283.m3u8;VOD_28ITRSC9GJJ;Filmes Saimo
Baby Looney Tunes;;Filmes;0;http://tvonhdbr.com:80/493754/NqCxf1/138813.m3u8;VOD_27H7RSCDQ7L;Filmes Saimo
Baby Shark TV;;Filmes;0;https://jmp2.uk/plu-63da6bcd60bc8f0008a5d364.m3u8;VOD_M3RT4F0N9C;Filmes Saimo
Babyfirst;;Filmes;0;https://jmp2.uk/plu-5f4fb4cf605ddf000748e16f.m3u8;VOD_BTAOPXFVLD;Filmes Saimo
Bake Off Brasil Celebridades;;Filmes;0;http://tvonhdbr.com:80/493754/NqCxf1/138017.m3u8;VOD_PIEP8P839C;Filmes Saimo
Band;;Filmes;0;https://media.cdntvms.com.br/band_sat/index.m3u8;VOD_JCE7YCSR5Q;Filmes Saimo
Band Campinas;;Filmes;0;http://64.31.23.207:80/59471019/60849037/324352.m3u8;VOD_G3END7V0MA;Filmes Saimo
Band Curitiba;;Filmes;0;http://64.31.23.207:80/59471019/60849037/324354.m3u8;VOD_I8AJGDY4P4;Filmes Saimo
Band MG;;Filmes;0;http://64.31.23.207:80/59471019/60849037/324359.m3u8;VOD_3VJ6FTOKBH;Filmes Saimo
Band News;;Filmes;0;https://frostview.squareweb.app/relay/m/aHR0cDovL3BhbGRpLnBybzo4MC9saXZlL3RvbmluaG8wMi9DYjQ5ODAzNy83MTc4OS5tM3U4.m3u8;VOD_P6195SUVKY;Filmes Saimo
Band Pará;;Filmes;0;http://64.31.23.207:80/59471019/60849037/324362.m3u8;VOD_19ORUGHU892;Filmes Saimo
Band Recife TV Tribuna;;Filmes;0;http://64.31.23.207:80/59471019/60849037/324364.m3u8;VOD_PSKMTVSEI7;Filmes Saimo
Band RJ;;Filmes;0;https://52d080a3e172c33fd6886a37e7.s23-cloudfront-net.lat/8e8e8b142192ea65/bandrj.txt;VOD_2A2OF0I2J4E;Filmes Saimo
Band RN;;Filmes;0;http://64.31.23.207:80/59471019/60849037/324367.m3u8;VOD_1MSG41GRQ8Y;Filmes Saimo
Band RS;;Filmes;0;http://64.31.23.207:80/59471019/60849037/324368.m3u8;VOD_195ZPRXJJ5X;Filmes Saimo
Band Sergipe;;Filmes;0;http://64.31.23.207:80/59471019/60849037/324370.m3u8;VOD_1P790SKRK67;Filmes Saimo
Band SP;;Filmes;0;https://frostview.squareweb.app/relay/m/aHR0cDovL3BhbGRpLnBybzo4MC9saXZlL3RvbmluaG8wMi9DYjQ5ODAzNy83OTMxMS5tM3U4.m3u8;VOD_IT52SRG3AP;Filmes Saimo
BAND SPORTS HD;;Filmes;0;https://52d080a3e172c33fd6886a37e7.s23-cloudfront-net.lat/8e8e8b142192ea65/bandsports.txt;VOD_109C9KBZB51;Filmes Saimo
Bar do Gogo;;Filmes;0;http://tvonhdbr.com:80/493754/NqCxf1/254768.m3u8;VOD_G7WEBB9V8L;Filmes Saimo
BARBIE;;Filmes;0;http://corruptx.org:80/hfp5ejnrey/zq0u3kzads/1169285.m3u8;VOD_SG3MVR3OY4;Filmes Saimo
Barbie Dreamhouse Adventures;;Filmes;0;http://tvonhdbr.com:80/493754/NqCxf1/135559.m3u8;VOD_26TZM158BR1;Filmes Saimo
Barney e Seus Amigos;;Filmes;0;http://tvonhdbr.com:80/493754/NqCxf1/141494.m3u8;VOD_15GNYJMQTVK;Filmes Saimo
Barretos 2026;;Filmes;0;http://tvonhdbr.com:80/493754/NqCxf1/393722.m3u8;VOD_2VJYQ4RC4D;Filmes Saimo
Batalha do Churrasco;;Filmes;0;http://tvonhdbr.com:80/493754/NqCxf1/254769.m3u8;VOD_W9DKOB46UG;Filmes Saimo
Batalha Makers Brasil;;Filmes;0;http://tvonhdbr.com:80/493754/NqCxf1/138751.m3u8;VOD_K2FLAIVR0R;Filmes Saimo
BATMAN DO FUTURO;;Filmes;0;http://corruptx.org:80/hfp5ejnrey/zq0u3kzads/1169286.m3u8;VOD_15NR951QJCH;Filmes Saimo
BBB 24;;Filmes;0;http://tvonhdbr.com:80/493754/NqCxf1/306831.m3u8;VOD_1W1LSNASBRB;Filmes Saimo
Beat Bugs;;Filmes;0;http://tvonhdbr.com:80/493754/NqCxf1/225328.m3u8;VOD_2192FR1JKGH;Filmes Saimo
BEBÊ OGGY;;Filmes;0;http://corruptx.org:80/hfp5ejnrey/zq0u3kzads/1169287.m3u8;VOD_92TAFH45CZ;Filmes Saimo
Ben 10;;Filmes;0;http://tvonhdbr.com:80/493754/NqCxf1/138715.m3u8;VOD_CPFE5AX0U;Filmes Saimo
BEN 10 OMINIVERSE;;Filmes;0;http://corruptx.org:80/hfp5ejnrey/zq0u3kzads/1169289.m3u8;VOD_1BS2DLQ9FFM;Filmes Saimo
BET Pluto TV;;Filmes;0;https://jmp2.uk/plu-5ff768b6a4c8b80008498610.m3u8;VOD_28OSE7W973X;Filmes Saimo
Betty a Feia;;Filmes;0;http://tvonhdbr.com:80/493754/NqCxf1/138018.m3u8;VOD_18XF1UMAEYS;Filmes Saimo
Betty Em Nova York;;Filmes;0;http://tvonhdbr.com:80/493754/NqCxf1/138019.m3u8;VOD_QK0Y744CZQ;Filmes Saimo
Beyblade;;Filmes;0;https://jmp2.uk/plu-633dc392e0282400071b0d39.m3u8;VOD_2BRB9IXEWA7;Filmes Saimo
Beyblade G Revolution;;Filmes;0;http://tvonhdbr.com:80/493754/NqCxf1/140545.m3u8;VOD_E1DF24XHR5;Filmes Saimo
Beyblade Metal Fusion;;Filmes;0;http://tvonhdbr.com:80/493754/NqCxf1/140546.m3u8;VOD_2A45WPX5I7C;Filmes Saimo
Beyblade V Force;;Filmes;0;http://tvonhdbr.com:80/493754/NqCxf1/140544.m3u8;VOD_CEMDOI5462;Filmes Saimo
Bibo Pai e Bobi Filho;;Filmes;0;http://tvonhdbr.com:80/493754/NqCxf1/145377.m3u8;VOD_16P6VBA4ICQ;Filmes Saimo
Biduzidos;;Filmes;0;http://tvonhdbr.com:80/493754/NqCxf1/306841.m3u8;VOD_17EZ5KYA47S;Filmes Saimo
Big Blue: O Grande Oceano;;Filmes;0;http://tvonhdbr.com:80/493754/NqCxf1/371450.m3u8;VOD_23TY1U3CNGD;Filmes Saimo
Big Mouth;;Filmes;0;http://tvonhdbr.com:80/493754/NqCxf1/135560.m3u8;VOD_1QUPAAAK8K3;Filmes Saimo
BIS;;Filmes;0;https://frostview.squareweb.app/relay/m/aHR0cDovL3BhbGRpLnBybzo4MC9saXZlL3RvbmluaG8wMi9DYjQ5ODAzNy83MTgwNi5tM3U4.m3u8;VOD_811UMD0Y1V;Filmes Saimo
BJJ STARS;;Filmes;0;http://tvonhdbr.com:80/493754/NqCxf1/159276.m3u8;VOD_QW53JVY1SG;Filmes Saimo
Black Kamen Rider;;Filmes;0;http://tvonhdbr.com:80/493754/NqCxf1/149549.m3u8;VOD_2351O923MM9;Filmes Saimo
Blaze e os Monster Machines;;Filmes;0;http://tvonhdbr.com:80/493754/NqCxf1/138752.m3u8;VOD_1KXWOG52YGU;Filmes Saimo
Bleach - Arrankar A Chegada;;Filmes;0;http://tvonhdbr.com:80/493754/NqCxf1/138758.m3u8;VOD_10ZEYKSX677;Filmes Saimo
Bleach - Arrankar A Entrada Sorrateira no Hueco Mundo;;Filmes;0;http://tvonhdbr.com:80/493754/NqCxf1/138759.m3u8;VOD_JDHUPVO23V;Filmes Saimo
Bleach - Arrankar A Falsa Cidade de Karakura;;Filmes;0;http://tvonhdbr.com:80/493754/NqCxf1/138764.m3u8;VOD_2D7IERENIY5;Filmes Saimo
Bleach - Arrankar A Luta Feroz;;Filmes;0;http://tvonhdbr.com:80/493754/NqCxf1/138760.m3u8;VOD_1V7VGATB7PA;Filmes Saimo
Bleach - Arrankar A Queda;;Filmes;0;http://tvonhdbr.com:80/493754/NqCxf1/138766.m3u8;VOD_1ATT9449ST8;Filmes Saimo
Bleach - Arrankar VS Shinigami;;Filmes;0;http://tvonhdbr.com:80/493754/NqCxf1/138762.m3u8;VOD_2B48L2ZDMUA;Filmes Saimo
Bleach - O Ataque dos Bounts a Sociedade das Almas;;Filmes;0;http://tvonhdbr.com:80/493754/NqCxf1/138757.m3u8;VOD_W0VDT5MEJ5;Filmes Saimo
Bleach - O Conto da Zanpakuto Desconhecida;;Filmes;0;http://tvonhdbr.com:80/493754/NqCxf1/138765.m3u8;VOD_24G3Z9YJA7D;Filmes Saimo
Bleach - O Exercito de Invasao das 13 Divisoes;;Filmes;0;http://tvonhdbr.com:80/493754/NqCxf1/138767.m3u8;VOD_86WC3JZZKD;Filmes Saimo
Bleach - O Novo Capitao Amagai Shusuke;;Filmes;0;http://tvonhdbr.com:80/493754/NqCxf1/138761.m3u8;VOD_2IDCL99NL;Filmes Saimo
Bleach - O Passado;;Filmes;0;http://tvonhdbr.com:80/493754/NqCxf1/138763.m3u8;VOD_25RMV73BLI7;Filmes Saimo
Bleach - O Shinigami Substituto Desaparecido;;Filmes;0;http://tvonhdbr.com:80/493754/NqCxf1/138768.m3u8;VOD_DK2Z6HFQPO;Filmes Saimo
Bleach - O Substituto;;Filmes;0;http://tvonhdbr.com:80/493754/NqCxf1/138753.m3u8;VOD_29VBJXMAD8O;Filmes Saimo
Bleach - Os Bounts;;Filmes;0;http://tvonhdbr.com:80/493754/NqCxf1/138756.m3u8;VOD_1HA7TVGHBUD;Filmes Saimo
Bleach - Sociedade das Almas A Entrada;;Filmes;0;http://tvonhdbr.com:80/493754/NqCxf1/138754.m3u8;VOD_UC6VQMO37K;Filmes Saimo
Bleach - Sociedade das Almas O Resgate;;Filmes;0;http://tvonhdbr.com:80/493754/NqCxf1/138755.m3u8;VOD_WQXFO2Y4KH;Filmes Saimo
Blits TV;;Filmes;0;https://stmv1.transmissaodigital.com/blitstv/blitstv/playlist.m3u8;VOD_G34OI70A8L;Filmes Saimo
Bob Esponja Calça Quadrada;;Filmes;0;https://jmp2.uk/plu-62545c0b002f4b0007688b61.m3u8;VOD_133NQG67RT6;Filmes Saimo
Bob O Construtor;;Filmes;0;http://tvonhdbr.com:80/493754/NqCxf1/306842.m3u8;VOD_1YINMTRRRFV;Filmes Saimo
Bojack Horseman;;Filmes;0;http://tvonhdbr.com:80/493754/NqCxf1/136694.m3u8;VOD_2FSBARCDNY2;Filmes Saimo
Boku No Hero Academia;;Filmes;0;http://tvonhdbr.com:80/493754/NqCxf1/138769.m3u8;VOD_1W56IISDRQS;Filmes Saimo
Boruto: Naruto Next Generations;;Filmes;0;https://jmp2.uk/plu-656f389c3944b60008e5bdab.m3u8;VOD_25R0FLSO3HY;Filmes Saimo
Box Kids TV;;Filmes;0;http://170.83.49.66:8083/BOXKIDSHD/index.m3u8;VOD_29L1LW6U0FD;Filmes Saimo
Brasil Visto de Cima;;Filmes;0;http://tvonhdbr.com:80/493754/NqCxf1/375070.m3u8;VOD_1A8Y3VUUNYI;Filmes Saimo
Brasileirao Serie A;;Filmes;0;http://tvonhdbr.com:80/493754/NqCxf1/317063.m3u8;VOD_1GFWU38EZMU;Filmes Saimo
Brasileirao Serie C 1;;Filmes;0;http://tvonhdbr.com:80/493754/NqCxf1/157407.m3u8;VOD_2F9EJR39967;Filmes Saimo
Brasileirao Serie C 2;;Filmes;0;http://tvonhdbr.com:80/493754/NqCxf1/157410.m3u8;VOD_1R190NI7AZE;Filmes Saimo
Brasileirao Serie C 3;;Filmes;0;http://tvonhdbr.com:80/493754/NqCxf1/157413.m3u8;VOD_1ETFVS1UWT;Filmes Saimo
Brilhante Victoria;;Filmes;0;http://tvonhdbr.com:80/493754/NqCxf1/138773.m3u8;VOD_6597KXUIS9;Filmes Saimo
BUBBLE GUPPIES;;Filmes;0;http://corruptx.org:80/hfp5ejnrey/zq0u3kzads/1169294.m3u8;VOD_1RMAQDH1W38;Filmes Saimo
Cacadores de Bugs;;Filmes;0;http://tvonhdbr.com:80/493754/NqCxf1/138774.m3u8;VOD_GAFRL5MLEA;Filmes Saimo
Cacadores de Dinossauros;;Filmes;0;http://tvonhdbr.com:80/493754/NqCxf1/138775.m3u8;VOD_EWZ0G0CG65;Filmes Saimo
Caçadores de Óvnis;;Filmes;0;https://jmp2.uk/plu-656e2a10954b020008ed167c.m3u8;VOD_1KDVUXNFXZK;Filmes Saimo
CADILLACS E DINOSSAUROS;;Filmes;0;http://corruptx.org:80/hfp5ejnrey/zq0u3kzads/1169213.m3u8;VOD_13FZ41WIPFJ;Filmes Saimo
Cameras Escondidas Silvio Santos;;Filmes;0;http://tvonhdbr.com:80/493754/NqCxf1/152014.m3u8;VOD_L75VN880Z5;Filmes Saimo
Canal Agro;;Filmes;0;https://aovivo.equipea.com.br:5443/aovivort/streams/pshRLrnv6isXq7RG4747567774043229.m3u8;VOD_GLBMITVWR2;Filmes Saimo
Canal Brasil;;Filmes;0;https://frostview.squareweb.app/relay/m/aHR0cDovL3BhbGRpLnBybzo4MC9saXZlL3RvbmluaG8wMi9DYjQ5ODAzNy83MTgxNi5tM3U4.m3u8;VOD_TUXTW4Y6J5;Filmes Saimo
Canal do Boi;;Filmes;0;https://frostview.squareweb.app/relay/m/aHR0cDovL3BhbGRpLnBybzo4MC9saXZlL3RvbmluaG8wMi9DYjQ5ODAzNy83MTgyMC5tM3U4.m3u8;VOD_2FTANPT444L;Filmes Saimo
Canal Educacao;;Filmes;0;https://canaleducacao-stream.ebc.com.br/index.m3u8;VOD_NB0HCO4GGO;Filmes Saimo
Canal Futura;;Filmes;0;http://45.162.64.114/FUTURA/index.m3u8;VOD_OIV71J66SE;Filmes Saimo
Canal GOAT (Jogo 1);;Filmes;0;http://64.31.23.207:80/59471019/60849037/3460243.m3u8;VOD_1AR8VBP8U6K;Filmes Saimo
Canal GOAT (Jogo 2);;Filmes;0;http://64.31.23.207:80/59471019/60849037/3460244.m3u8;VOD_3GO8ROJ7LX;Filmes Saimo
Canal GOAT (Jogo 3);;Filmes;0;http://64.31.23.207:80/59471019/60849037/3460245.m3u8;VOD_EANFTKNGRX;Filmes Saimo
Canal Gov;;Filmes;0;https://canalgov-stream.ebc.com.br/index.m3u8;VOD_3MU2HSTLLM;Filmes Saimo
Canal OFF;;Filmes;0;https://52d080a3e172c33fd6886a37e7.s23-cloudfront-net.lat/8e8e8b142192ea65/off.txt;VOD_MTLNSDPH22;Filmes Saimo
Canal Rural;;Filmes;0;https://frostview.squareweb.app/relay/m/aHR0cDovL3BhbGRpLnBybzo4MC9saXZlL3RvbmluaG8wMi9DYjQ5ODAzNy8xNzg1MTIubTN1OA.m3u8;VOD_16DNEMLL3UK;Filmes Saimo
Canal UOL;;Filmes;0;https://video24.mais.uol.com.br/live/6146.m3u8;VOD_1HMUZZBHDA3;Filmes Saimo
Canção Nova;;Filmes;0;https://52d080a3e172c33fd6886a37e7.s23-cloudfront-net.lat/8e8e8b142192ea65/cancaonova.txt;VOD_2EZT02GQ46Q;Filmes Saimo
Capitao Tsubasa;;Filmes;0;http://tvonhdbr.com:80/493754/NqCxf1/223839.m3u8;VOD_1YBDUDPSUUY;Filmes Saimo
CARMEM SANDIEGO;;Filmes;0;http://corruptx.org:80/hfp5ejnrey/zq0u3kzads/1169295.m3u8;VOD_1AUUIH1PTS7;Filmes Saimo
Carros Irado;;Filmes;0;http://tvonhdbr.com:80/493754/NqCxf1/255224.m3u8;VOD_UE8AA071HK;Filmes Saimo
Cartoon Network;;Filmes;0;https://frostview.squareweb.app/relay/m/aHR0cDovL3BhbGRpLnBybzo4MC9saXZlL3RvbmluaG8wMi9DYjQ5ODAzNy83MTgyOS5tM3U4.m3u8;VOD_4JTZEJOL2U;Filmes Saimo
Cartoonito;;Filmes;0;https://frostview.squareweb.app/relay/m/aHR0cDovL3BhbGRpLnBybzo4MC9saXZlL3RvbmluaG8wMi9DYjQ5ODAzNy83MTgxMi5tM3U4.m3u8;VOD_W730NPHVMU;Filmes Saimo
Casamento as Cegas;;Filmes;0;http://tvonhdbr.com:80/493754/NqCxf1/138776.m3u8;VOD_20T2VXIKN3I;Filmes Saimo
Casamento as Cegas Brasil;;Filmes;0;http://tvonhdbr.com:80/493754/NqCxf1/138778.m3u8;VOD_Q0KGR7999O;Filmes Saimo
Castelo Ra-Tim-Bum;;Filmes;0;http://tvonhdbr.com:80/493754/NqCxf1/138728.m3u8;VOD_ANHEB9FTVM;Filmes Saimo
Cavalo de Fogo;;Filmes;0;http://tvonhdbr.com:80/493754/NqCxf1/137613.m3u8;VOD_1SW5OT8A1IA;Filmes Saimo
Caverna do Dragao;;Filmes;0;http://tvonhdbr.com:80/493754/NqCxf1/135454.m3u8;VOD_1WIK3Y2XMK;Filmes Saimo
CazeTV 1;;Filmes;0;https://52d080a3e172c33fd6886a37e7.s23-cloudfront-net.lat/8e8e8b142192ea65/caze1.txt;VOD_MLIHKDAEK8;Filmes Saimo
CazeTV 2;;Filmes;0;https://frostview.squareweb.app/relay/m/aHR0cDovL3BhbGRpLnBybzo4MC9saXZlL3RvbmluaG8wMi9DYjQ5ODAzNy8zODQ0NjMubTN1OA.m3u8;VOD_1GYSBGXA3LF;Filmes Saimo
CazeTV 3;;Filmes;0;https://52d080a3e172c33fd6886a37e7.s23-cloudfront-net.lat/8e8e8b142192ea65/caze3.txt;VOD_10GPPAOJ9U5;Filmes Saimo
CBS News;;Filmes;0;https://jmp2.uk/plu-62310f66d5888f0007534342.m3u8;VOD_GRDWUBMW6;Filmes Saimo
CHAPOLIN;;Filmes;0;http://corruptx.org:80/hfp5ejnrey/zq0u3kzads/1169216.m3u8;VOD_NIHU7TQZI8;Filmes Saimo
Chapolin Colorado;;Filmes;0;http://tvonhdbr.com:80/493754/NqCxf1/138000.m3u8;VOD_2AAEBANYAHN;Filmes Saimo
Chapolin e Os Colorados;;Filmes;0;http://tvonhdbr.com:80/493754/NqCxf1/371451.m3u8;VOD_14FHVW4FHA0;Filmes Saimo
Charmed: Jovens Bruxas;;Filmes;0;https://jmp2.uk/plu-67f9602ee173fa5664fafae8.m3u8;VOD_LK3AECHLAS;Filmes Saimo
Chaves Em Desenho Animado;;Filmes;0;http://tvonhdbr.com:80/493754/NqCxf1/140735.m3u8;VOD_1JUEEIRUYDR;Filmes Saimo
Chef TV;;Filmes;0;http://168.197.104.22/CHEF_TV/index.m3u8;VOD_1QXE6L9NFKE;Filmes Saimo
CHEFINHO DE VOLTA AO BERÇO;;Filmes;0;http://corruptx.org:80/hfp5ejnrey/zq0u3kzads/1169298.m3u8;VOD_GAYRX2U444;Filmes Saimo
Chesapeake Shores;;Filmes;0;http://tvonhdbr.com:80/493754/NqCxf1/139306.m3u8;VOD_1K1NUPJD842;Filmes Saimo
Chuck Norris O Homem da Lei;;Filmes;0;http://tvonhdbr.com:80/493754/NqCxf1/138780.m3u8;VOD_1NVUR91RQ8A;Filmes Saimo
Cine SKY 01;;Filmes;0;http://64.31.23.207:80/59471019/60849037/1832882.m3u8;VOD_LWLOXHTKFL;Filmes Saimo
Cine SKY 02;;Filmes;0;http://64.31.23.207:80/59471019/60849037/1882618.m3u8;VOD_12CJ84J69Q;Filmes Saimo
Cine SKY 03;;Filmes;0;http://64.31.23.207:80/59471019/60849037/1882619.m3u8;VOD_1HUS18JGLN4;Filmes Saimo
Cine SKY 04;;Filmes;0;http://64.31.23.207:80/59471019/60849037/1882620.m3u8;VOD_171UMXPV500;Filmes Saimo
Cine SKY 05;;Filmes;0;http://64.31.23.207:80/59471019/60849037/1882621.m3u8;VOD_L7E6AQV1OC;Filmes Saimo
Cinemax;;Filmes;0;https://frostview.squareweb.app/relay/m/aHR0cDovL3BhbGRpLnBybzo4MC9saXZlL3RvbmluaG8wMi9DYjQ5ODAzNy83MTgzMy5tM3U4.m3u8;VOD_ZQT5LXB7KR;Filmes Saimo
Cirurgioes No Limite da Vida;;Filmes;0;http://tvonhdbr.com:80/493754/NqCxf1/254766.m3u8;VOD_MBOBYLKBZ2;Filmes Saimo
CLEO E CUQUIN;;Filmes;0;http://corruptx.org:80/hfp5ejnrey/zq0u3kzads/1169300.m3u8;VOD_1HLP2JMPZKT;Filmes Saimo
CNBC;;Filmes;0;https://jmp2.uk/plu-679a973a97782f0008ff4bb6.m3u8;VOD_1JRGW7FK0RL;Filmes Saimo
CNBC Brasil;;Filmes;0;http://tvonhdbr.com:80/493754/NqCxf1/295478.m3u8;VOD_150542OUA3K;Filmes Saimo
CNN Brasil;;Filmes;0;https://frostview.squareweb.app/relay/m/aHR0cDovL3BhbGRpLnBybzo4MC9saXZlL3RvbmluaG8wMi9DYjQ5ODAzNy83MTgzNy5tM3U4.m3u8;VOD_180WHKUIEGT;Filmes Saimo
CNN Brasil Money;;Filmes;0;https://frostview.squareweb.app/relay/m/aHR0cDovL3BhbGRpLnBybzo4MC9saXZlL3RvbmluaG8wMi9DYjQ5ODAzNy8yOTU0ODIubTN1OA.m3u8;VOD_28WCQRFDYC9;Filmes Saimo
CNT;;Filmes;0;http://45.162.64.114/CNT/index.m3u8;VOD_HP82SNK7YA;Filmes Saimo
Cobra Kai;;Filmes;0;http://tvonhdbr.com:80/493754/NqCxf1/138712.m3u8;VOD_121R5PAL33;Filmes Saimo
Cocoricó;;Filmes;0;https://jmp2.uk/plu-62d969fd8451a30007f0fd94.m3u8;VOD_B8NZWNCRMA;Filmes Saimo
COELHO RICOCHETE;;Filmes;0;http://corruptx.org:80/hfp5ejnrey/zq0u3kzads/1169302.m3u8;VOD_1X8BH5T431V;Filmes Saimo
Com Brasil;;Filmes;0;https://br5093.streamingdevideo.com.br/abc/abc/playlist.m3u8;VOD_1KYA05TNI33;Filmes Saimo
Combate;;Filmes;0;https://frostview.squareweb.app/relay/m/aHR0cDovL3BhbGRpLnBybzo4MC9saXZlL3RvbmluaG8wMi9DYjQ5ODAzNy83MTg0Mi5tM3U4.m3u8;VOD_26A7YA9C05L;Filmes Saimo
Comedy Central;;Filmes;0;http://64.31.23.207:80/59471019/60849037/324380.m3u8;VOD_65G50JWLL6;Filmes Saimo
Comedy Central Pluto TV;;Filmes;0;https://jmp2.uk/plu-5f357e91b18f0b00073583d2.m3u8;VOD_XXW2WBGOA1;Filmes Saimo
Comedy Central South Park;;Filmes;0;https://jmp2.uk/plu-609ae66b359b270007869ff1.m3u8;VOD_1TDOHO4QR5N;Filmes Saimo
Comidas Cheias de Historia;;Filmes;0;http://tvonhdbr.com:80/493754/NqCxf1/140779.m3u8;VOD_UCU7RKA341;Filmes Saimo
Como Defender um Assassino;;Filmes;0;http://tvonhdbr.com:80/493754/NqCxf1/139288.m3u8;VOD_201X17GDFHP;Filmes Saimo
Como Eu Conheci Sua Mae;;Filmes;0;http://tvonhdbr.com:80/493754/NqCxf1/139279.m3u8;VOD_CTU8E89FLU;Filmes Saimo
Como Funciona O Universo;;Filmes;0;http://tvonhdbr.com:80/493754/NqCxf1/140736.m3u8;VOD_16P2SEQXJGP;Filmes Saimo
Conan: O Menino do Futuro;;Filmes;0;http://tvonhdbr.com:80/493754/NqCxf1/371452.m3u8;VOD_1ZHB02CAFJ9;Filmes Saimo
Copa do Brasil 1;;Filmes;0;http://tvonhdbr.com:80/493754/NqCxf1/150498.m3u8;VOD_FASXQZ3D5W;Filmes Saimo
Copa do Brasil 2;;Filmes;0;http://tvonhdbr.com:80/493754/NqCxf1/150501.m3u8;VOD_2AR8YRXIH6;Filmes Saimo
Copa do Brasil 3;;Filmes;0;http://tvonhdbr.com:80/493754/NqCxf1/142040.m3u8;VOD_2BEPEG4F5CG;Filmes Saimo
Copa do Brasil 4;;Filmes;0;http://tvonhdbr.com:80/493754/NqCxf1/193253.m3u8;VOD_TLGNCG1HX6;Filmes Saimo
Corrida Maluca;;Filmes;0;http://tvonhdbr.com:80/493754/NqCxf1/145378.m3u8;VOD_22U8U9WWDFC;Filmes Saimo
Cosmos Mundos Possiveis;;Filmes;0;http://tvonhdbr.com:80/493754/NqCxf1/140780.m3u8;VOD_1ZNUIDI1P2F;Filmes Saimo
Criadores de Diversao;;Filmes;0;http://tvonhdbr.com:80/493754/NqCxf1/151618.m3u8;VOD_HB170G5LWG;Filmes Saimo
CSI: Miami;;Filmes;0;https://jmp2.uk/plu-63eb9c5351f5d000085e8d7e.m3u8;VOD_20W5VL0F9B;Filmes Saimo
Cultura Fast;;Filmes;0;https://fpa-gateway.tvcultura.com.br:8181/memfs/606caef0-a290-413d-9f1f-8fcdb3a73831.m3u8;VOD_12HE216L9VZ;Filmes Saimo
Curta;;Filmes;0;http://tvonhdbr.com:80/493754/NqCxf1/71855.m3u8;VOD_KHH3BTKOJU;Filmes Saimo
Dani Se;;Filmes;0;http://tvonhdbr.com:80/493754/NqCxf1/140781.m3u8;VOD_1MKPMS2B4DT;Filmes Saimo
DAZN (Jogo 1);;Filmes;0;http://64.31.23.207:80/59471019/60849037/3460239.m3u8;VOD_89SI9CTB9P;Filmes Saimo
DAZN (Jogo 2);;Filmes;0;http://64.31.23.207:80/59471019/60849037/3460240.m3u8;VOD_22ZRY6RSIV6;Filmes Saimo
DAZN (Jogo 3);;Filmes;0;http://64.31.23.207:80/59471019/60849037/3460241.m3u8;VOD_1I6H7K9LSE8;Filmes Saimo
DAZN (Jogo 4);;Filmes;0;http://64.31.23.207:80/59471019/60849037/3460242.m3u8;VOD_13A2BD7OY1U;Filmes Saimo
Death Note;;Filmes;0;https://jmp2.uk/plu-625464a945b6a200079257d1.m3u8;VOD_1QOK36MU6NT;Filmes Saimo
Dennis o Pimentinha;;Filmes;0;http://tvonhdbr.com:80/493754/NqCxf1/135500.m3u8;VOD_1O068QYLGCZ;Filmes Saimo
DESENCANTO;;Filmes;0;http://corruptx.org:80/hfp5ejnrey/zq0u3kzads/1169264.m3u8;VOD_25U8MJC7321;Filmes Saimo
DESENHOS BIBLICOS;;Filmes;0;http://corruptx.org:80/hfp5ejnrey/zq0u3kzads/1169222.m3u8;VOD_EC5WFWL5R2;Filmes Saimo
Desenhos Biblicos Historias Inesqueciveis;;Filmes;0;http://tvonhdbr.com:80/493754/NqCxf1/139277.m3u8;VOD_10HQZVP5J4C;Filmes Saimo
Detetives Médicos;;Filmes;0;https://jmp2.uk/plu-638df93ae2f2a3000737c168.m3u8;VOD_15GM0TFO57G;Filmes Saimo
Diff’rent Strokes Arnold;;Filmes;0;https://jmp2.uk/plu-61f1d27a189ed10007b7393e.m3u8;VOD_LJ321VMPQC;Filmes Saimo
Digimon Adventure;;Filmes;0;http://tvonhdbr.com:80/493754/NqCxf1/137620.m3u8;VOD_1DZXLAL4T5E;Filmes Saimo
Digimon Digital Monsters;;Filmes;0;http://tvonhdbr.com:80/493754/NqCxf1/138076.m3u8;VOD_29D1FUB0RGV;Filmes Saimo
Digimon Savers;;Filmes;0;http://tvonhdbr.com:80/493754/NqCxf1/137621.m3u8;VOD_29PKT1J593O;Filmes Saimo
Digimon Tamers;;Filmes;0;http://tvonhdbr.com:80/493754/NqCxf1/138025.m3u8;VOD_RFI9IO2SRV;Filmes Saimo
Discovery Channel;;Filmes;0;https://frostview.squareweb.app/relay/m/aHR0cDovL3BhbGRpLnBybzo4MC9saXZlL3RvbmluaG8wMi9DYjQ5ODAzNy83MTg2Mi5tM3U4.m3u8;VOD_C965LBFUE2;Filmes Saimo
Discovery Home & Health;;Filmes;0;https://52d080a3e172c33fd6886a37e7.s23-cloudfront-net.lat/8e8e8b142192ea65/discoveryhh.txt;VOD_LV53DGLLIO;Filmes Saimo
Discovery ID;;Filmes;0;https://52d080a3e172c33fd6886a37e7.s23-cloudfront-net.lat/8e8e8b142192ea65/discoveryid.txt;VOD_25N0R0TDQYU;Filmes Saimo
Discovery Kids;;Filmes;0;https://frostview.squareweb.app/relay/m/aHR0cDovL3BhbGRpLnBybzo4MC9saXZlL3RvbmluaG8wMi9DYjQ5ODAzNy83MTg3MS5tM3U4.m3u8;VOD_4S0AIKBPTF;Filmes Saimo
Discovery Science;;Filmes;0;https://frostview.squareweb.app/relay/m/aHR0cDovL3BhbGRpLnBybzo4MC9saXZlL3RvbmluaG8wMi9DYjQ5ODAzNy83MTg3NS5tM3U4.m3u8;VOD_2937T1JDPNL;Filmes Saimo
Discovery Theater;;Filmes;0;https://frostview.squareweb.app/relay/m/aHR0cDovL3BhbGRpLnBybzo4MC9saXZlL3RvbmluaG8wMi9DYjQ5ODAzNy83MTg3OS5tM3U4.m3u8;VOD_2FTSJAFHGKI;Filmes Saimo
Discovery Turbo;;Filmes;0;https://frostview.squareweb.app/relay/m/aHR0cDovL3BhbGRpLnBybzo4MC9saXZlL3RvbmluaG8wMi9DYjQ5ODAzNy83MTg4My5tM3U4.m3u8;VOD_ENB3NEJWXZ;Filmes Saimo
Discovery World;;Filmes;0;https://frostview.squareweb.app/relay/m/aHR0cDovL3BhbGRpLnBybzo4MC9saXZlL3RvbmluaG8wMi9DYjQ5ODAzNy83MTg4Ny5tM3U4.m3u8;VOD_18U3G20G5ZT;Filmes Saimo
Disney+ 01;;Filmes;0;http://64.31.23.207:80/59471019/60849037/296915.m3u8;VOD_3XZKDYO58O;Filmes Saimo
Disney+ 02;;Filmes;0;http://64.31.23.207:80/59471019/60849037/296916.m3u8;VOD_1G24IBCX8EO;Filmes Saimo
Disney+ 03;;Filmes;0;http://64.31.23.207:80/59471019/60849037/296917.m3u8;VOD_OTQRIQTRT0;Filmes Saimo
Disney+ 04;;Filmes;0;http://64.31.23.207:80/59471019/60849037/296918.m3u8;VOD_X6SHVS1LVM;Filmes Saimo
Disney+ 05;;Filmes;0;http://64.31.23.207:80/59471019/60849037/296919.m3u8;VOD_PKBE8SVNVK;Filmes Saimo
DOG TV;;Filmes;0;http://tvonhdbr.com:80/493754/NqCxf1/76922.m3u8;VOD_TR8LAB7Z2K;Filmes Saimo
Dois Homens e Meio;;Filmes;0;http://tvonhdbr.com:80/493754/NqCxf1/137623.m3u8;VOD_2F8UMVEAO23;Filmes Saimo
Donas de Casa Desesperadas;;Filmes;0;http://tvonhdbr.com:80/493754/NqCxf1/138789.m3u8;VOD_16GH94IVNXJ;Filmes Saimo
Dora Aventureira;;Filmes;0;http://tvonhdbr.com:80/493754/NqCxf1/151949.m3u8;VOD_1XCDPPFJGD5;Filmes Saimo
Doug;;Filmes;0;http://tvonhdbr.com:80/493754/NqCxf1/135552.m3u8;VOD_19S62D3ZKRJ;Filmes Saimo
Doug O Robo Curioso;;Filmes;0;http://tvonhdbr.com:80/493754/NqCxf1/306843.m3u8;VOD_1684RZWM6L1;Filmes Saimo
Dra Mercy Alem da Pele;;Filmes;0;http://tvonhdbr.com:80/493754/NqCxf1/306844.m3u8;VOD_1O931H2DCK8;Filmes Saimo
Dra. Emma Uma Questao de Pele;;Filmes;0;http://tvonhdbr.com:80/493754/NqCxf1/254760.m3u8;VOD_CAYMY25W7Y;Filmes Saimo
Dra. Joya Dermatologista Animal;;Filmes;0;http://tvonhdbr.com:80/493754/NqCxf1/254761.m3u8;VOD_2D460P1RP48;Filmes Saimo
Dra. Sandra Lee A Rainha dos Cravos;;Filmes;0;http://tvonhdbr.com:80/493754/NqCxf1/254762.m3u8;VOD_1HORX7JXKGO;Filmes Saimo
DRAGÕES CORRIDA ATÉ O LIMITE;;Filmes;0;http://corruptx.org:80/hfp5ejnrey/zq0u3kzads/1169306.m3u8;VOD_1BSZAK5ZCOX;Filmes Saimo
Dragões: A Série;;Filmes;0;http://tvonhdbr.com:80/493754/NqCxf1/371453.m3u8;VOD_1YP2EKH7ZRF;Filmes Saimo
Dragon Ball Classico;;Filmes;0;http://tvonhdbr.com:80/493754/NqCxf1/135473.m3u8;VOD_2BDY61PZLEG;Filmes Saimo
Dragon Ball GT;;Filmes;0;http://tvonhdbr.com:80/493754/NqCxf1/135483.m3u8;VOD_48PM3SENQM;Filmes Saimo
DRAGON BALL SUPER;;Filmes;0;http://corruptx.org:80/hfp5ejnrey/zq0u3kzads/1169225.m3u8;VOD_N8B2BES8NV;Filmes Saimo
Dragon Ball Super - Golden Freeza;;Filmes;0;http://tvonhdbr.com:80/493754/NqCxf1/135485.m3u8;VOD_1Y1YUYI5YA;Filmes Saimo
Dragon Ball Super - Saga Deus da Destruicao Bills;;Filmes;0;http://tvonhdbr.com:80/493754/NqCxf1/135484.m3u8;VOD_ABRY4J6FW;Filmes Saimo
Dragon Ball Super - Sobrevivencia do Universo;;Filmes;0;http://tvonhdbr.com:80/493754/NqCxf1/135488.m3u8;VOD_1SPYSTW01XH;Filmes Saimo
Dragon Ball Super - Trunks do Futuro;;Filmes;0;http://tvonhdbr.com:80/493754/NqCxf1/135487.m3u8;VOD_FMG4KKRUM9;Filmes Saimo
Dragon Ball Super - Universo 6;;Filmes;0;http://tvonhdbr.com:80/493754/NqCxf1/135486.m3u8;VOD_3MIAJJZB8X;Filmes Saimo
Dragon Ball Z - Saga do Androide Cell;;Filmes;0;http://tvonhdbr.com:80/493754/NqCxf1/135478.m3u8;VOD_G89J1GPUGC;Filmes Saimo
Dragon Ball Z - Saga do Freeza;;Filmes;0;http://tvonhdbr.com:80/493754/NqCxf1/135475.m3u8;VOD_291EA7WD4PM;Filmes Saimo
Dragon Ball Z - Saga do Garlic Jr;;Filmes;0;http://tvonhdbr.com:80/493754/NqCxf1/135477.m3u8;VOD_2DVGU1SGZGU;Filmes Saimo
Dragon Ball Z - Saga do Majin Boo;;Filmes;0;http://tvonhdbr.com:80/493754/NqCxf1/135481.m3u8;VOD_IZGF0XBVGY;Filmes Saimo
Dragon Ball Z - Saga do Torneio do Outro Mundo;;Filmes;0;http://tvonhdbr.com:80/493754/NqCxf1/135480.m3u8;VOD_10130NZK6W5;Filmes Saimo
Dragon Ball Z - Saga dos Saiyajins;;Filmes;0;http://tvonhdbr.com:80/493754/NqCxf1/135474.m3u8;VOD_1PJPZKY24WL;Filmes Saimo
Drake e Josh;;Filmes;0;http://tvonhdbr.com:80/493754/NqCxf1/137622.m3u8;VOD_C5R07MBG9Z;Filmes Saimo
DUCK TALES OS CAÇADORES DE AVENTURAS;;Filmes;0;http://corruptx.org:80/hfp5ejnrey/zq0u3kzads/1169307.m3u8;VOD_OHXRB92VPS;Filmes Saimo
DumDum;;Filmes;0;http://45.162.64.114/ZOOMOO_KIDS/index.m3u8;VOD_SMODVLD9MC;Filmes Saimo
E!;;Filmes;0;https://frostview.squareweb.app/relay/m/aHR0cDovL3BhbGRpLnBybzo4MC9saXZlL3RvbmluaG8wMi9DYjQ5ODAzNy83MTkwMC5tM3U4.m3u8;VOD_ADNHD1GINC;Filmes Saimo
Ei Arnold;;Filmes;0;http://tvonhdbr.com:80/493754/NqCxf1/138946.m3u8;VOD_13PE8D6WJ07;Filmes Saimo
ER Plantao Medico;;Filmes;0;http://tvonhdbr.com:80/493754/NqCxf1/138050.m3u8;VOD_1D58RFLZ1KO;Filmes Saimo
Escolinha do Professor Raimundo;;Filmes;0;http://tvonhdbr.com:80/493754/NqCxf1/137611.m3u8;VOD_19WGFZ1G5B3;Filmes Saimo
Escolinha do Professor Raimundo Nova Geracao;;Filmes;0;http://tvonhdbr.com:80/493754/NqCxf1/138028.m3u8;VOD_QDFC5CN7V;Filmes Saimo
ESPN;;Filmes;0;https://frostview.squareweb.app/relay/m/aHR0cDovL3BhbGRpLnBybzo4MC9saXZlL3RvbmluaG8wMi9DYjQ5ODAzNy83MTkxMS5tM3U4.m3u8;VOD_1NOOO1N6EUF;Filmes Saimo
ESPN 2;;Filmes;0;https://frostview.squareweb.app/relay/m/aHR0cDovL3BhbGRpLnBybzo4MC9saXZlL3RvbmluaG8wMi9DYjQ5ODAzNy83MTkxOS5tM3U4.m3u8;VOD_HF0RJG8JJR;Filmes Saimo
ESPN 3;;Filmes;0;https://frostview.squareweb.app/relay/m/aHR0cDovL3BhbGRpLnBybzo4MC9saXZlL3RvbmluaG8wMi9DYjQ5ODAzNy83MTkwNy5tM3U4.m3u8;VOD_O6OAV2XCIA;Filmes Saimo
ESPN 4;;Filmes;0;https://frostview.squareweb.app/relay/m/aHR0cDovL3BhbGRpLnBybzo4MC9saXZlL3RvbmluaG8wMi9DYjQ5ODAzNy83MTk1OC5tM3U4.m3u8;VOD_35NS4PF2OP;Filmes Saimo
ESPN 5;;Filmes;0;https://frostview.squareweb.app/relay/m/aHR0cDovL3BhbGRpLnBybzo4MC9saXZlL3RvbmluaG8wMi9DYjQ5ODAzNy83MTk1Mi5tM3U4.m3u8;VOD_1RNKCO7IKQF;Filmes Saimo
ESPN 6;;Filmes;0;https://frostview.squareweb.app/relay/m/aHR0cDovL3BhbGRpLnBybzo4MC9saXZlL3RvbmluaG8wMi9DYjQ5ODAzNy83MTkxNS5tM3U4.m3u8;VOD_188XX6CUB73;Filmes Saimo
Esquadrao Especial Winspector;;Filmes;0;http://tvonhdbr.com:80/493754/NqCxf1/156654.m3u8;VOD_HDA3T9S69C;Filmes Saimo
Esquadrao Relampago Changeman;;Filmes;0;http://tvonhdbr.com:80/493754/NqCxf1/138779.m3u8;VOD_1HUMT2NM6NZ;Filmes Saimo
Estado Paranormal;;Filmes;0;https://jmp2.uk/plu-656e2a81954b020008ed17a4.m3u8;VOD_17K1B8PU1BM;Filmes Saimo
Eu a Patroa e as Criancas;;Filmes;0;http://tvonhdbr.com:80/493754/NqCxf1/138020.m3u8;VOD_1VC96S0KYBV;Filmes Saimo
Eurochannel;;Filmes;0;http://tvonhdbr.com:80/493754/NqCxf1/104910.m3u8;VOD_UPUPLVUHMI;Filmes Saimo
Euronews;;Filmes;0;https://jmp2.uk/plu-619e6614c9d9650007a2b171.m3u8;VOD_26I7KKZXX00;Filmes Saimo
FailArmy;;Filmes;0;https://jmp2.uk/plu-5f5141c1605ddf000748eb1b.m3u8;VOD_WEZ2R4R81T;Filmes Saimo
FAMILIA DINOUSSAUROS;;Filmes;0;http://corruptx.org:80/hfp5ejnrey/zq0u3kzads/1169230.m3u8;VOD_A0NP4S23E2;Filmes Saimo
Farejando Novos Mundos;;Filmes;0;http://tvonhdbr.com:80/493754/NqCxf1/139274.m3u8;VOD_253ROPFZBSJ;Filmes Saimo
FashionTV;;Filmes;0;http://tvonhdbr.com:80/493754/NqCxf1/103503.m3u8;VOD_ZA5SHJ72NX;Filmes Saimo
FCF TV 1;;Filmes;0;http://tvonhdbr.com:80/493754/NqCxf1/247976.m3u8;VOD_2GK21IM4PVT;Filmes Saimo
FCF TV 2;;Filmes;0;http://tvonhdbr.com:80/493754/NqCxf1/247979.m3u8;VOD_2CJAEOL618M;Filmes Saimo
Ferinha e a Fabrica de Tudo;;Filmes;0;http://tvonhdbr.com:80/493754/NqCxf1/306846.m3u8;VOD_ZI7IWO9QH4;Filmes Saimo
FIFA+;;Filmes;0;https://jmp2.uk/plu-66997e8d3a4ad20008e50be9.m3u8;VOD_V1SZQ8CLNX;Filmes Saimo
FILHINHO DA MAMAE;;Filmes;0;http://64.31.23.207:80/59471019/60849037/2945301.m3u8;VOD_1D6ECDH0GW7;Filmes Saimo
Filhos da Anarquia;;Filmes;0;http://tvonhdbr.com:80/493754/NqCxf1/371489.m3u8;VOD_1SR71XL1JG6;Filmes Saimo
Film&Arts;;Filmes;0;http://tvonhdbr.com:80/493754/NqCxf1/104914.m3u8;VOD_1JIPQFKW3JH;Filmes Saimo
Filmelier TV;;Filmes;0;https://jmp2.uk/plu-633dcebd80386500074a2461.m3u8;VOD_1L6HOW1NT75;Filmes Saimo
Filmes Suspense;;Filmes;0;https://jmp2.uk/plu-5f171d3442a0500007362f22.m3u8;VOD_1K3KVBRD1EJ;Filmes Saimo
FINAL SPACE;;Filmes;0;http://corruptx.org:80/hfp5ejnrey/zq0u3kzads/1169308.m3u8;VOD_1GXX4HSGD5E;Filmes Saimo
Fish TV;;Filmes;0;https://frostview.squareweb.app/relay/m/aHR0cDovL3BhbGRpLnBybzo4MC9saXZlL3RvbmluaG8wMi9DYjQ5ODAzNy83MTkyOC5tM3U4.m3u8;VOD_19NOLVZTZXP;Filmes Saimo
Folha Mágica;;Filmes;0;http://tvonhdbr.com:80/493754/NqCxf1/371454.m3u8;VOD_V3C36P5LCG;Filmes Saimo
Food Network;;Filmes;0;https://frostview.squareweb.app/relay/m/aHR0cDovL3BhbGRpLnBybzo4MC9saXZlL3RvbmluaG8wMi9DYjQ5ODAzNy83MTkzMi5tM3U4.m3u8;VOD_21SFDCW67QQ;Filmes Saimo
Food Truck - A Batalha;;Filmes;0;http://tvonhdbr.com:80/493754/NqCxf1/375072.m3u8;VOD_2FU7EFPS23M;Filmes Saimo
Formiga Atomica;;Filmes;0;http://tvonhdbr.com:80/493754/NqCxf1/135545.m3u8;VOD_HY82YTPR3R;Filmes Saimo
Formula 1 Dirigir Para Viver;;Filmes;0;http://tvonhdbr.com:80/493754/NqCxf1/152015.m3u8;VOD_5BBJYZ627R;Filmes Saimo
Formula 1 TV;;Filmes;0;http://tvonhdbr.com:80/493754/NqCxf1/71947.m3u8;VOD_6HE2JIWGAZ;Filmes Saimo
France 24;;Filmes;0;http://tvonhdbr.com:80/493754/NqCxf1/103500.m3u8;VOD_Q458PCS9M8;Filmes Saimo
Freakazoid Alto Forte e Maluco;;Filmes;0;http://tvonhdbr.com:80/493754/NqCxf1/162374.m3u8;VOD_25L1HPYEMPL;Filmes Saimo
Fritada;;Filmes;0;http://tvonhdbr.com:80/493754/NqCxf1/255220.m3u8;VOD_1I2VLYG2IVJ;Filmes Saimo
Furacao Live;;Filmes;0;http://tvonhdbr.com:80/493754/NqCxf1/192079.m3u8;VOD_29T6YNHSF6B;Filmes Saimo
Futebol de Rua;;Filmes;0;http://tvonhdbr.com:80/493754/NqCxf1/306847.m3u8;VOD_U5T9BE2LW6;Filmes Saimo
Futura;;Filmes;0;https://frostview.squareweb.app/relay/m/aHR0cDovL3BhbGRpLnBybzo4MC9saXZlL3RvbmluaG8wMi9DYjQ5ODAzNy83MTk2Mi5tM3U4.m3u8;VOD_1JU6E2KO5UA;Filmes Saimo
GALINHA PINTADINHA;;Filmes;0;http://corruptx.org:80/hfp5ejnrey/zq0u3kzads/1169232.m3u8;VOD_2FGHMYWQPKX;Filmes Saimo
Game of Thrones;;Filmes;0;http://tvonhdbr.com:80/493754/NqCxf1/135534.m3u8;VOD_9CG2FSE2IS;Filmes Saimo
Game Shakers;;Filmes;0;http://tvonhdbr.com:80/493754/NqCxf1/138007.m3u8;VOD_1W1N4S2ZJ5V;Filmes Saimo
Garfield e Seus Amigos;;Filmes;0;http://tvonhdbr.com:80/493754/NqCxf1/138026.m3u8;VOD_26SGG3D2NDO;Filmes Saimo
Garota da Lua e o Dinossauro Demonio;;Filmes;0;http://tvonhdbr.com:80/493754/NqCxf1/306848.m3u8;VOD_5PB31RBI7B;Filmes Saimo
Gasparzinho O Fantasminha Camarada;;Filmes;0;http://tvonhdbr.com:80/493754/NqCxf1/151619.m3u8;VOD_1TYILIRG7EP;Filmes Saimo
GATO FELIX;;Filmes;0;http://corruptx.org:80/hfp5ejnrey/zq0u3kzads/1169233.m3u8;VOD_I27YIY4WXI;Filmes Saimo
GE TV;;Filmes;0;https://dfr80qz435crc.cloudfront.net/EFGH/Amagi/Globo/GE_Fast_BR/GE_Fast.m3u8;VOD_1RMV8EKRFZC;Filmes Saimo
Gigablaster;;Filmes;0;http://tvonhdbr.com:80/493754/NqCxf1/371455.m3u8;VOD_1DKKY8D1426;Filmes Saimo
Gigantossauro;;Filmes;0;http://tvonhdbr.com:80/493754/NqCxf1/225329.m3u8;VOD_P514DZ5NY0;Filmes Saimo
Gladiadores da Natureza;;Filmes;0;http://tvonhdbr.com:80/493754/NqCxf1/371456.m3u8;VOD_1QVCD0PFISM;Filmes Saimo
Globo;;Filmes;0;https://media2.cdntvms.com.br/tv_morena_dorados/index.m3u8;VOD_TLG4IXWQVL;Filmes Saimo
Globo AM;;Filmes;0;https://52d080a3e172c33fd6886a37e7.s23-cloudfront-net.lat/8e8e8b142192ea65/globoam.txt;VOD_1KFYVAPUGHE;Filmes Saimo
Globo CE;;Filmes;0;https://52d080a3e172c33fd6886a37e7.s23-cloudfront-net.lat/8e8e8b142192ea65/globoce.txt;VOD_259MDKNA7I1;Filmes Saimo
Globo DF;;Filmes;0;https://52d080a3e172c33fd6886a37e7.s23-cloudfront-net.lat/8e8e8b142192ea65/globodf.txt;VOD_CBKD02VNMQ;Filmes Saimo
Globo ES;;Filmes;0;https://52d080a3e172c33fd6886a37e7.s23-cloudfront-net.lat/8e8e8b142192ea65/globoes.txt;VOD_2AU1G82PVAY;Filmes Saimo
Globo GO;;Filmes;0;https://52d080a3e172c33fd6886a37e7.s23-cloudfront-net.lat/8e8e8b142192ea65/globogo.txt;VOD_1LDWZZGI83U;Filmes Saimo
Globo MG;;Filmes;0;https://52d080a3e172c33fd6886a37e7.s23-cloudfront-net.lat/8e8e8b142192ea65/globomg.txt;VOD_COA9VMR0NV;Filmes Saimo
Globo PB;;Filmes;0;https://52d080a3e172c33fd6886a37e7.s23-cloudfront-net.lat/8e8e8b142192ea65/globopb.txt;VOD_SQ87JOWIOO;Filmes Saimo
Globo PE;;Filmes;0;https://52d080a3e172c33fd6886a37e7.s23-cloudfront-net.lat/8e8e8b142192ea65/globope.txt;VOD_2E35K2JDIFR;Filmes Saimo
Globo RJ;;Filmes;0;https://frostview.squareweb.app/relay/m/aHR0cDovL3BhbGRpLnBybzo4MC9saXZlL3RvbmluaG8wMi9DYjQ5ODAzNy83MjAyNS5tM3U4.m3u8;VOD_36U0PN5TEG;Filmes Saimo
Globo RS;;Filmes;0;https://52d080a3e172c33fd6886a37e7.s23-cloudfront-net.lat/8e8e8b142192ea65/globors.txt;VOD_1L52SKQH2H9;Filmes Saimo
Globo SP;;Filmes;0;https://frostview.squareweb.app/relay/m/aHR0cDovL3BhbGRpLnBybzo4MC9saXZlL3RvbmluaG8wMi9DYjQ5ODAzNy83MjA0MC5tM3U4.m3u8;VOD_1P6OOBMQJKW;Filmes Saimo
GloboNews;;Filmes;0;https://frostview.squareweb.app/relay/m/aHR0cDovL3BhbGRpLnBybzo4MC9saXZlL3RvbmluaG8wMi9DYjQ5ODAzNy83MTk5Ny5tM3U4.m3u8;VOD_77WXICZD9L;Filmes Saimo
Globoplay Novelas;;Filmes;0;https://frostview.squareweb.app/relay/m/aHR0cDovL3BhbGRpLnBybzo4MC9saXZlL3RvbmluaG8wMi9DYjQ5ODAzNy83MjQyNy5tM3U4.m3u8;VOD_2FJ0NV6GDH6;Filmes Saimo
Gloob;;Filmes;0;https://frostview.squareweb.app/relay/m/aHR0cDovL3BhbGRpLnBybzo4MC9saXZlL3RvbmluaG8wMi9DYjQ5ODAzNy8xMzExNTMubTN1OA.m3u8;VOD_YY5RNAVPMQ;Filmes Saimo
Gloobinho;;Filmes;0;https://frostview.squareweb.app/relay/m/aHR0cDovL3BhbGRpLnBybzo4MC9saXZlL3RvbmluaG8wMi9DYjQ5ODAzNy85MDYzMC5tM3U4.m3u8;VOD_19DE6TE32XK;Filmes Saimo
GNT;;Filmes;0;https://frostview.squareweb.app/relay/m/aHR0cDovL3BhbGRpLnBybzo4MC9saXZlL3RvbmluaG8wMi9DYjQ5ODAzNy83MjEwMy5tM3U4.m3u8;VOD_1SXO5HNCQUH;Filmes Saimo
Go Go Loser Ranger;;Filmes;0;http://tvonhdbr.com:80/493754/NqCxf1/306835.m3u8;VOD_177M8E2GD1J;Filmes Saimo
Grizzy e os Lemmings;;Filmes;0;http://tvonhdbr.com:80/493754/NqCxf1/223844.m3u8;VOD_1UMF9I21LMX;Filmes Saimo
Gus O Pequeno Cavaleiro;;Filmes;0;http://tvonhdbr.com:80/493754/NqCxf1/150112.m3u8;VOD_1NEQ9URJQ1W;Filmes Saimo
Hannah Montana;;Filmes;0;http://tvonhdbr.com:80/493754/NqCxf1/139272.m3u8;VOD_VAZHUIS91;Filmes Saimo
Happy Tree Friends;;Filmes;0;http://tvonhdbr.com:80/493754/NqCxf1/254756.m3u8;VOD_1EBPV89749K;Filmes Saimo
HBO;;Filmes;0;https://frostview.squareweb.app/relay/m/aHR0cDovL3BhbGRpLnBybzo4MC9saXZlL3RvbmluaG8wMi9DYjQ5ODAzNy83MjExOC5tM3U4.m3u8;VOD_1OX078CZ0JD;Filmes Saimo
HBO Family;;Filmes;0;https://frostview.squareweb.app/relay/m/aHR0cDovL3BhbGRpLnBybzo4MC9saXZlL3RvbmluaG8wMi9DYjQ5ODAzNy83MjExNS5tM3U4.m3u8;VOD_204EQZDMTPX;Filmes Saimo
HBO Mundi;;Filmes;0;https://frostview.squareweb.app/relay/m/aHR0cDovL3BhbGRpLnBybzo4MC9saXZlL3RvbmluaG8wMi9DYjQ5ODAzNy83MjEyMS5tM3U4.m3u8;VOD_1VMU5N1NP3C;Filmes Saimo
HBO Plus;;Filmes;0;https://frostview.squareweb.app/relay/m/aHR0cDovL3BhbGRpLnBybzo4MC9saXZlL3RvbmluaG8wMi9DYjQ5ODAzNy83MjEyNS5tM3U4.m3u8;VOD_1NT0AA4XCTY;Filmes Saimo
HBO Pop;;Filmes;0;https://frostview.squareweb.app/relay/m/aHR0cDovL3BhbGRpLnBybzo4MC9saXZlL3RvbmluaG8wMi9DYjQ5ODAzNy83MjEyOS5tM3U4.m3u8;VOD_8RHYRE7RRV;Filmes Saimo
HBO Signature;;Filmes;0;https://frostview.squareweb.app/relay/m/aHR0cDovL3BhbGRpLnBybzo4MC9saXZlL3RvbmluaG8wMi9DYjQ5ODAzNy83MjEzNC5tM3U4.m3u8;VOD_1ITC88U0ZIZ;Filmes Saimo
HBO Xtreme;;Filmes;0;https://frostview.squareweb.app/relay/m/aHR0cDovL3BhbGRpLnBybzo4MC9saXZlL3RvbmluaG8wMi9DYjQ5ODAzNy83MjEzOC5tM3U4.m3u8;VOD_134GW03UI83;Filmes Saimo
HBO2;;Filmes;0;https://frostview.squareweb.app/relay/m/aHR0cDovL3BhbGRpLnBybzo4MC9saXZlL3RvbmluaG8wMi9DYjQ5ODAzNy83MjExMC5tM3U4.m3u8;VOD_1BIFI8LJP06;Filmes Saimo
He Man e Os Defensores do Universo;;Filmes;0;http://tvonhdbr.com:80/493754/NqCxf1/135514.m3u8;VOD_DVLIMTKT0T;Filmes Saimo
He Man E Os Mestres do Universo;;Filmes;0;http://tvonhdbr.com:80/493754/NqCxf1/135516.m3u8;VOD_1WDURO8ZH7N;Filmes Saimo
HGTV;;Filmes;0;https://frostview.squareweb.app/relay/m/aHR0cDovL3BhbGRpLnBybzo4MC9saXZlL3RvbmluaG8wMi9DYjQ5ODAzNy83MjE0Mi5tM3U4.m3u8;VOD_2CL9LU65X6Y;Filmes Saimo
High School Musical A Serie O Musical;;Filmes;0;http://tvonhdbr.com:80/493754/NqCxf1/138709.m3u8;VOD_TDVUQ4NUQR;Filmes Saimo
Historias Animadas da Biblia - Novo Testamento;;Filmes;0;http://tvonhdbr.com:80/493754/NqCxf1/137428.m3u8;VOD_11NGYZFRATO;Filmes Saimo
Historias Animadas da Biblia - Velho Testamento;;Filmes;0;http://tvonhdbr.com:80/493754/NqCxf1/137427.m3u8;VOD_RBGDRSB0HF;Filmes Saimo
History;;Filmes;0;https://frostview.squareweb.app/relay/m/aHR0cDovL3BhbGRpLnBybzo4MC9saXZlL3RvbmluaG8wMi9DYjQ5ODAzNy83MjE0Ni5tM3U4.m3u8;VOD_1K5BEC0POVC;Filmes Saimo
History 2;;Filmes;0;https://52d080a3e172c33fd6886a37e7.s23-cloudfront-net.lat/8e8e8b142192ea65/history2.txt;VOD_TEAJIVDWDM;Filmes Saimo
Holanda x Alemanha;;Filmes;0;http://tvonhdbr.com:80/493754/NqCxf1/317687.m3u8;VOD_1A909DULDAA;Filmes Saimo
Homeful;;Filmes;0;https://jmp2.uk/plu-67603668f433320008760af1.m3u8;VOD_TWZXB37HBU;Filmes Saimo
Homem Aranha;;Filmes;0;http://tvonhdbr.com:80/493754/NqCxf1/135556.m3u8;VOD_WROSM832FZ;Filmes Saimo
Homem Aranha da Marvel;;Filmes;0;http://tvonhdbr.com:80/493754/NqCxf1/155451.m3u8;VOD_19URXVM9T1Y;Filmes Saimo
Hora de Aventura;;Filmes;0;http://tvonhdbr.com:80/493754/NqCxf1/135526.m3u8;VOD_RG7P7VKT9A;Filmes Saimo
Hora do Recreio;;Filmes;0;http://tvonhdbr.com:80/493754/NqCxf1/139278.m3u8;VOD_WKDMNWWDKS;Filmes Saimo
Hot Wheels A Batalha da Customizacao;;Filmes;0;http://tvonhdbr.com:80/493754/NqCxf1/255233.m3u8;VOD_197WIYVKEHY;Filmes Saimo
Hotel Transilvania A Serie;;Filmes;0;http://tvonhdbr.com:80/493754/NqCxf1/135512.m3u8;VOD_143O7NO2VOV;Filmes Saimo
HULK;;Filmes;0;http://corruptx.org:80/hfp5ejnrey/zq0u3kzads/1169259.m3u8;VOD_16ID0JYDDGZ;Filmes Saimo
Hunter x Hunter;;Filmes;0;https://jmp2.uk/plu-65d9167818036500080e8780.m3u8;VOD_SBDF8QZJI0;Filmes Saimo
iCarly;;Filmes;0;http://tvonhdbr.com:80/493754/NqCxf1/135506.m3u8;VOD_11AISBLC2X2;Filmes Saimo
iCarly (2021);2021;Filmes;0;http://tvonhdbr.com:80/493754/NqCxf1/135455.m3u8;VOD_1XQCC325S9K;Filmes Saimo
ICARLY REVIVAL;;Filmes;0;http://corruptx.org:80/hfp5ejnrey/zq0u3kzads/1169235.m3u8;VOD_24LDWE7ZD84;Filmes Saimo
Ilha das Formas;;Filmes;0;http://tvonhdbr.com:80/493754/NqCxf1/371457.m3u8;VOD_QY6M0ILP99;Filmes Saimo
IMPD;;Filmes;0;https://68882bdaf156a.streamlock.net/impd/ngrp:impd_all/chunklist_w1464410885_b2691072.m3u8;VOD_XUZS7C561N;Filmes Saimo
Informações em Breve;;Filmes;0;http://tvonhdbr.com:80/493754/NqCxf1/317694.m3u8;VOD_RD8C3HXVKK;Filmes Saimo
Inspetor Bugiganga;;Filmes;0;https://jmp2.uk/plu-69162648d03565d6c8c8df97.m3u8;VOD_7BBOQU05N5;Filmes Saimo
Inspetor Bugiganga (1983);1983;Filmes;0;http://tvonhdbr.com:80/493754/NqCxf1/156655.m3u8;VOD_1H8C89BV7IR;Filmes Saimo
Inspetor Bugiganga (2015);2015;Filmes;0;http://tvonhdbr.com:80/493754/NqCxf1/156656.m3u8;VOD_16ETQ4A6G68;Filmes Saimo
Inuyasha;;Filmes;0;https://jmp2.uk/plu-66b26681d2d50d00083abe8b.m3u8;VOD_1N89ZF4HVHE;Filmes Saimo
Irmao do Jorel;;Filmes;0;http://tvonhdbr.com:80/493754/NqCxf1/135567.m3u8;VOD_30PEMUBHHJ;Filmes Saimo
Irmaos a Obra;;Filmes;0;http://tvonhdbr.com:80/493754/NqCxf1/140782.m3u8;VOD_1EHWYKSX3O1;Filmes Saimo
JASPION;;Filmes;0;http://corruptx.org:80/hfp5ejnrey/zq0u3kzads/1169236.m3u8;VOD_2EMZW1CZXYI;Filmes Saimo
Jeannie;;Filmes;0;http://tvonhdbr.com:80/493754/NqCxf1/152016.m3u8;VOD_WP7X5SWPWW;Filmes Saimo
Jellystone;;Filmes;0;http://tvonhdbr.com:80/493754/NqCxf1/156657.m3u8;VOD_13DA17VWGDM;Filmes Saimo
Jessie;;Filmes;0;http://tvonhdbr.com:80/493754/NqCxf1/139294.m3u8;VOD_UM2LGF23MN;Filmes Saimo
Jiraiya O Incrivel Ninja;;Filmes;0;http://tvonhdbr.com:80/493754/NqCxf1/135569.m3u8;VOD_1HFQLPA7DEH;Filmes Saimo
JIRAYA;;Filmes;0;http://corruptx.org:80/hfp5ejnrey/zq0u3kzads/1169258.m3u8;VOD_Y9159A5HNN;Filmes Saimo
JOGOS DE HOJE;;Filmes;0;http://corruptx.org:80/hfp5ejnrey/zq0u3kzads/339310.m3u8;VOD_17UAQWZTYG0;Filmes Saimo
Johnny Bravo;;Filmes;0;http://tvonhdbr.com:80/493754/NqCxf1/150495.m3u8;VOD_NDB5CUR5BN;Filmes Saimo
Johnny Test;;Filmes;0;http://tvonhdbr.com:80/493754/NqCxf1/139298.m3u8;VOD_NNWSSI4S9E;Filmes Saimo
JoJo’s Bizarre Adventure;;Filmes;0;https://jmp2.uk/plu-66c7982f6838ee00085f0d24.m3u8;VOD_9K8T9OK97T;Filmes Saimo
Jonny Quest;;Filmes;0;http://tvonhdbr.com:80/493754/NqCxf1/149550.m3u8;VOD_1JUFFN3R19I;Filmes Saimo
Jornada nas Estrelas A Nova Geração;;Filmes;0;https://jmp2.uk/plu-69162ad79505d0f3b1ebf07d.m3u8;VOD_OBF25HGWP3;Filmes Saimo
Jornada nas Estrelas Deep Space Nine;;Filmes;0;https://jmp2.uk/plu-69162af591700f4c4c135c95.m3u8;VOD_128KBYS844N;Filmes Saimo
Jornada nas Estrelas Enterprise;;Filmes;0;http://tvonhdbr.com:80/493754/NqCxf1/139300.m3u8;VOD_1T38DTJ584B;Filmes Saimo
Jornada nas Estrelas Voyager;;Filmes;0;https://jmp2.uk/plu-69162b1ef189e235142b17ab.m3u8;VOD_1VN91WHUFWK;Filmes Saimo
Jovem Pan News;;Filmes;0;https://frostview.squareweb.app/relay/m/aHR0cDovL3BhbGRpLnBybzo4MC9saXZlL3RvbmluaG8wMi9DYjQ5ODAzNy8xMzQwMjMubTN1OA.m3u8;VOD_1L3DUXH3RYR;Filmes Saimo
Jovem Sheldon;;Filmes;0;http://tvonhdbr.com:80/493754/NqCxf1/137123.m3u8;VOD_1KDY0YICGLU;Filmes Saimo
Jovens Construtores;;Filmes;0;http://tvonhdbr.com:80/493754/NqCxf1/138947.m3u8;VOD_25T3KJ5ZQS0;Filmes Saimo
Jurassic World Acampamento Jurassico;;Filmes;0;http://tvonhdbr.com:80/493754/NqCxf1/135561.m3u8;VOD_1RNLTJ2IUXX;Filmes Saimo
Kamp Koral Bob Esponja Primeiros Anos;;Filmes;0;http://tvonhdbr.com:80/493754/NqCxf1/135562.m3u8;VOD_1YGNJRVR705;Filmes Saimo
Kenan & Kel;;Filmes;0;https://jmp2.uk/plu-5ffcc5130fd98c0007f2e216.m3u8;VOD_3FAIADCBIQ;Filmes Saimo
Kenan e Kel;;Filmes;0;http://tvonhdbr.com:80/493754/NqCxf1/138955.m3u8;VOD_J4RX7IFBKR;Filmes Saimo
Kevin Pode Esperar;;Filmes;0;http://tvonhdbr.com:80/493754/NqCxf1/139275.m3u8;VOD_223O93TYBD6;Filmes Saimo
Kick Buttowski;;Filmes;0;http://tvonhdbr.com:80/493754/NqCxf1/140533.m3u8;VOD_DX0S74ZSPP;Filmes Saimo
Kids Mais;;Filmes;0;http://64.31.23.207:80/59471019/60849037/1882637.m3u8;VOD_IY52I3Q7K3;Filmes Saimo
Kiff;;Filmes;0;http://tvonhdbr.com:80/493754/NqCxf1/223834.m3u8;VOD_1NS2S7UIRBY;Filmes Saimo
Kosovo x Irlanda;;Filmes;0;http://tvonhdbr.com:80/493754/NqCxf1/317692.m3u8;VOD_YGZEVVM0W3;Filmes Saimo
KpopTV Play;;Filmes;0;https://giatv.bozztv.com/giatv/giatv-kpoptvplay/kpoptvplay/playlist.m3u8;VOD_AREI67PQCH;Filmes Saimo
Kung Fu Panda Lendas do Dragao Guerreiro;;Filmes;0;http://tvonhdbr.com:80/493754/NqCxf1/138948.m3u8;VOD_XA9XXIPEA8;Filmes Saimo
Kung Fu Panda O Cavaleiro Dragao;;Filmes;0;http://tvonhdbr.com:80/493754/NqCxf1/166346.m3u8;VOD_1VRV4DEBQZ8;Filmes Saimo
Lab Rats;;Filmes;0;http://tvonhdbr.com:80/493754/NqCxf1/138949.m3u8;VOD_29PH1EPJG38;Filmes Saimo
Lady Night;;Filmes;0;http://tvonhdbr.com:80/493754/NqCxf1/149520.m3u8;VOD_2FHI52I1OP5;Filmes Saimo
Largados e Pelados;;Filmes;0;http://tvonhdbr.com:80/493754/NqCxf1/145928.m3u8;VOD_14KBQBLMR2L;Filmes Saimo
Largados e Pelados A Tribo;;Filmes;0;http://tvonhdbr.com:80/493754/NqCxf1/140737.m3u8;VOD_A0VF5QFLQV;Filmes Saimo
Largados e Pelados Brasil;;Filmes;0;http://tvonhdbr.com:80/493754/NqCxf1/254763.m3u8;VOD_Y2IVXX7OTR;Filmes Saimo
League Cup;;Filmes;0;http://tvonhdbr.com:80/493754/NqCxf1/203509.m3u8;VOD_1I831X51R61;Filmes Saimo
Liechtenstein x Lituânia;;Filmes;0;http://tvonhdbr.com:80/493754/NqCxf1/317693.m3u8;VOD_MNG0NQSSTE;Filmes Saimo
Lifetime;;Filmes;0;https://frostview.squareweb.app/relay/m/aHR0cDovL3BhbGRpLnBybzo4MC9saXZlL3RvbmluaG8wMi9DYjQ5ODAzNy83MjE1NC5tM3U4.m3u8;VOD_YWLHW07P9F;Filmes Saimo
Liga da Justica;;Filmes;0;http://tvonhdbr.com:80/493754/NqCxf1/149551.m3u8;VOD_I8EIA2DCQ5;Filmes Saimo
Liga da Justica Sem Limites;;Filmes;0;http://tvonhdbr.com:80/493754/NqCxf1/138950.m3u8;VOD_1GJ4G1AUTXZ;Filmes Saimo
Liga Futsal 1;;Filmes;0;http://tvonhdbr.com:80/493754/NqCxf1/73006.m3u8;VOD_2G5LKHWWEVO;Filmes Saimo
Liga Futsal 2;;Filmes;0;http://tvonhdbr.com:80/493754/NqCxf1/155742.m3u8;VOD_2J2B3XDF6W;Filmes Saimo
Liga Futsal 3;;Filmes;0;http://tvonhdbr.com:80/493754/NqCxf1/156663.m3u8;VOD_2BNBCODUKY0;Filmes Saimo
Liga Futsal 4;;Filmes;0;http://tvonhdbr.com:80/493754/NqCxf1/156666.m3u8;VOD_J61QQ3NSP7;Filmes Saimo
Lilo e Stitch A Serie;;Filmes;0;http://tvonhdbr.com:80/493754/NqCxf1/306851.m3u8;VOD_1KZS7Q13CCY;Filmes Saimo
Live TV;;Filmes;0;http://tvonhdbr.com:80/493754/NqCxf1/192625.m3u8;VOD_H9TN45A1Q7;Filmes Saimo
Lois e Clark As Novas Aventuras do Superman;;Filmes;0;http://tvonhdbr.com:80/493754/NqCxf1/135563.m3u8;VOD_7G7OUDEQD;Filmes Saimo
LOL: Se Rir, Já Era!;;Filmes;0;http://tvonhdbr.com:80/493754/NqCxf1/371458.m3u8;VOD_1EISHOCIUTG;Filmes Saimo
Luluzinha;;Filmes;0;http://tvonhdbr.com:80/493754/NqCxf1/149604.m3u8;VOD_1LREZFPUQZP;Filmes Saimo
MacGyver;;Filmes;0;https://jmp2.uk/plu-63eb9dc84e83e70008abea92.m3u8;VOD_1SUXBHT1AJB;Filmes Saimo
Mais MasterChef Brasil;;Filmes;0;https://jmp2.uk/plu-681111be5e0764e297fb200e.m3u8;VOD_1D8GYNCLB7T;Filmes Saimo
Mansoes em Frente ao Lago;;Filmes;0;http://tvonhdbr.com:80/493754/NqCxf1/306852.m3u8;VOD_14UBH20XD68;Filmes Saimo
Markket;;Filmes;0;http://tvonhdbr.com:80/493754/NqCxf1/164026.m3u8;VOD_22OI308NSED;Filmes Saimo
Marvels M.O.D.O.K;;Filmes;0;http://tvonhdbr.com:80/493754/NqCxf1/136816.m3u8;VOD_TY0MLBDJF7;Filmes Saimo
Masha e o Urso;;Filmes;0;http://tvonhdbr.com:80/493754/NqCxf1/137619.m3u8;VOD_8MDCOAQ697;Filmes Saimo
Master Trash e Panicos Chef;;Filmes;0;http://tvonhdbr.com:80/493754/NqCxf1/138790.m3u8;VOD_19Q5FIV507F;Filmes Saimo
MasterChef;;Filmes;0;https://jmp2.uk/plu-6077045b6031bd00078de127.m3u8;VOD_1VXZRNAXGG8;Filmes Saimo
Masterchef Brasil;;Filmes;0;http://tvonhdbr.com:80/493754/NqCxf1/137146.m3u8;VOD_22Q74Q0800H;Filmes Saimo
MasterChef Brasil Profissionais;;Filmes;0;https://jmp2.uk/plu-681110afc188aa63faa147e0.m3u8;VOD_7LQN85CLKT;Filmes Saimo
MAX 01;;Filmes;0;http://64.31.23.207:80/59471019/60849037/3460233.m3u8;VOD_1IM7NHEIJJH;Filmes Saimo
MAX 02;;Filmes;0;http://64.31.23.207:80/59471019/60849037/3460234.m3u8;VOD_GZA2AA6XUV;Filmes Saimo
MAX 03;;Filmes;0;https://52d080a3e172c33fd6886a37e7.s23-cloudfront-net.lat/8e8e8b142192ea65/max3.txt;VOD_QUH047U7BE;Filmes Saimo
MAX 07;;Filmes;0;http://corruptx.org:80/hfp5ejnrey/zq0u3kzads/594012.m3u8;VOD_12OKSEV1XPJ;Filmes Saimo
MAX 08;;Filmes;0;http://corruptx.org:80/hfp5ejnrey/zq0u3kzads/594014.m3u8;VOD_2E3B4NAK9MV;Filmes Saimo
Max 4;;Filmes;0;http://tvonhdbr.com:80/493754/NqCxf1/140507.m3u8;VOD_1D66GVYBMB4;Filmes Saimo
Max 5;;Filmes;0;http://tvonhdbr.com:80/493754/NqCxf1/140508.m3u8;VOD_49U0LQ4DI9;Filmes Saimo
Max 6;;Filmes;0;http://tvonhdbr.com:80/493754/NqCxf1/140509.m3u8;VOD_2CW87P93JOU;Filmes Saimo
Mega Man Potencia Maxima;;Filmes;0;http://tvonhdbr.com:80/493754/NqCxf1/137128.m3u8;VOD_2AUNVFXLCH6;Filmes Saimo
Megapix;;Filmes;0;https://frostview.squareweb.app/relay/m/aHR0cDovL3BhbGRpLnBybzo4MC9saXZlL3RvbmluaG8wMi9DYjQ5ODAzNy83MjE2Ni5tM3U4.m3u8;VOD_1P7RT12IY2H;Filmes Saimo
Mestre do Sabor;;Filmes;0;http://tvonhdbr.com:80/493754/NqCxf1/137154.m3u8;VOD_24LAXUKNGGU;Filmes Saimo
Mestres da Sobrevivencia;;Filmes;0;http://tvonhdbr.com:80/493754/NqCxf1/137129.m3u8;VOD_17KW0ZI0C7E;Filmes Saimo
Mestres de Ferro;;Filmes;0;http://tvonhdbr.com:80/493754/NqCxf1/137157.m3u8;VOD_KK96XPUIJL;Filmes Saimo
Mestres do Universo Salvando Eternia;;Filmes;0;http://tvonhdbr.com:80/493754/NqCxf1/137158.m3u8;VOD_C85TH1AJ0G;Filmes Saimo
Mickey e Donald;;Filmes;0;http://tvonhdbr.com:80/493754/NqCxf1/140742.m3u8;VOD_AZNREQP648;Filmes Saimo
Milo;;Filmes;0;http://tvonhdbr.com:80/493754/NqCxf1/162375.m3u8;VOD_150YYL9TEQL;Filmes Saimo
Minha Mae E Uma Peca;;Filmes;0;http://tvonhdbr.com:80/493754/NqCxf1/141501.m3u8;VOD_1FMDPZW8SEU;Filmes Saimo
Minhas Aventuras com o Superman;;Filmes;0;http://tvonhdbr.com:80/493754/NqCxf1/223840.m3u8;VOD_156LZWKXSLZ;Filmes Saimo
Mira A Detetive do Reino;;Filmes;0;http://tvonhdbr.com:80/493754/NqCxf1/166347.m3u8;VOD_18LV78NCAKU;Filmes Saimo
Miraculous As Aventuras de Ladybug;;Filmes;0;http://tvonhdbr.com:80/493754/NqCxf1/137159.m3u8;VOD_1XQQ36KXJUV;Filmes Saimo
Mister Brau;;Filmes;0;http://tvonhdbr.com:80/493754/NqCxf1/138951.m3u8;VOD_4Y7NXB8ETA;Filmes Saimo
Mistérios sem Solução;;Filmes;0;https://jmp2.uk/plu-62b5c5a064163d0007b2efe6.m3u8;VOD_1XFXEDTLILN;Filmes Saimo
Modo Viagem;;Filmes;0;https://frostview.squareweb.app/relay/m/aHR0cDovL3BhbGRpLnBybzo4MC9saXZlL3RvbmluaG8wMi9DYjQ5ODAzNy83MjE2Mi5tM3U4.m3u8;VOD_14FO025LLQ6;Filmes Saimo
Molang;;Filmes;0;http://tvonhdbr.com:80/493754/NqCxf1/306854.m3u8;VOD_1GYA5VA4Z24;Filmes Saimo
Momonstros;;Filmes;0;http://tvonhdbr.com:80/493754/NqCxf1/145379.m3u8;VOD_OAEUYJ4OMS;Filmes Saimo
Monstro do Amor;;Filmes;0;http://tvonhdbr.com:80/493754/NqCxf1/151620.m3u8;VOD_1AH89WXANE4;Filmes Saimo
Monstros no Trabalho;;Filmes;0;http://tvonhdbr.com:80/493754/NqCxf1/306855.m3u8;VOD_L6NCRINNHO;Filmes Saimo
Moranguinho;;Filmes;0;https://jmp2.uk/plu-63eba189c111bc0008ff59c5.m3u8;VOD_26DD049PPRX;Filmes Saimo
Mortal Kombat Defensores da Terra;;Filmes;0;http://tvonhdbr.com:80/493754/NqCxf1/139299.m3u8;VOD_1KCGACW8MRK;Filmes Saimo
Mr Olympia 01;;Filmes;0;http://64.31.23.207:80/59471019/60849037/3460265.m3u8;VOD_1CM4GJ0UQHD;Filmes Saimo
Mr Olympia 02;;Filmes;0;http://64.31.23.207:80/59471019/60849037/3460266.m3u8;VOD_1VNGBCSRP2A;Filmes Saimo
Mr. Bean;;Filmes;0;http://tvonhdbr.com:80/493754/NqCxf1/223841.m3u8;VOD_1B9AUGYA79O;Filmes Saimo
Mr. Bean A Serie Animada;;Filmes;0;http://tvonhdbr.com:80/493754/NqCxf1/223842.m3u8;VOD_XLLU9ICD49;Filmes Saimo
Mr. Olympia TV;;Filmes;0;http://tvonhdbr.com:80/493754/NqCxf1/289535.m3u8;VOD_1Q6PO0KARNT;Filmes Saimo
MTV;;Filmes;0;https://52d080a3e172c33fd6886a37e7.s23-cloudfront-net.lat/8e8e8b142192ea65/mtv.txt;VOD_223U2U541Z9;Filmes Saimo
MTV Are you the One?;;Filmes;0;https://jmp2.uk/plu-5f6108d8cc331900075e98e4.m3u8;VOD_Y1IFXLIMHK;Filmes Saimo
MTV Biggest Pop;;Filmes;0;https://jmp2.uk/plu-6047fbdbbb776a0007e7f2ff.m3u8;VOD_2BBPH6YJTCQ;Filmes Saimo
MTV Catfish;;Filmes;0;https://jmp2.uk/plu-626c2a3502d84a0007cec817.m3u8;VOD_CM13AJ798J;Filmes Saimo
MTV Com o Ex;;Filmes;0;https://jmp2.uk/plu-61a528267e1b8b0007357920.m3u8;VOD_1GEJSMJ973X;Filmes Saimo
MTV Dating;;Filmes;0;https://jmp2.uk/plu-6851bb3426beced4f2f67ee6.m3u8;VOD_GVDM7GTB0D;Filmes Saimo
MTV Jovens e Mães;;Filmes;0;https://jmp2.uk/plu-620fdc7d8a36fc000710e3ba.m3u8;VOD_1PDTSWHXI4N;Filmes Saimo
MTV Pluto TV;;Filmes;0;https://jmp2.uk/plu-5f1212fb81e85c00077ae9ef.m3u8;VOD_ZY4CD47L1N;Filmes Saimo
MTV Reality;;Filmes;0;https://jmp2.uk/plu-6851bdfc9ac48fde5e07f5ae.m3u8;VOD_26VH0K4WWZ4;Filmes Saimo
MTV Rocks;;Filmes;0;https://jmp2.uk/plu-66a01e07d2d50d0008100d6a.m3u8;VOD_XQ3KCOEXPZ;Filmes Saimo
MTV Rupaul's Drag Race;;Filmes;0;https://jmp2.uk/plu-645111f1d8436e00081bb2bd.m3u8;VOD_1KP0SQLY1OD;Filmes Saimo
MTV Shore;;Filmes;0;https://jmp2.uk/plu-625463563b8ddc0007134aeb.m3u8;VOD_TVAH81U9LH;Filmes Saimo
Mucha Lucha;;Filmes;0;http://tvonhdbr.com:80/493754/NqCxf1/138952.m3u8;VOD_J09SCKS5CP;Filmes Saimo
Multishow;;Filmes;0;https://frostview.squareweb.app/relay/m/aHR0cDovL3BhbGRpLnBybzo4MC9saXZlL3RvbmluaG8wMi9DYjQ5ODAzNy8xMzExOTMubTN1OA.m3u8;VOD_OUNZWNZD2W;Filmes Saimo
Mundo Bita;;Filmes;0;http://tvonhdbr.com:80/493754/NqCxf1/135452.m3u8;VOD_10WHP515ZU8;Filmes Saimo
Mundo Bita e a Natureza;;Filmes;0;http://tvonhdbr.com:80/493754/NqCxf1/135498.m3u8;VOD_2A622IJC48E;Filmes Saimo
Mundo Bita e as Brincadeiras;;Filmes;0;http://tvonhdbr.com:80/493754/NqCxf1/135497.m3u8;VOD_1WO6YSOMCG2;Filmes Saimo
Mundo Bita e o Corpo Humano;;Filmes;0;http://tvonhdbr.com:80/493754/NqCxf1/135496.m3u8;VOD_1J8GHS3DJAO;Filmes Saimo
Mundo Bita e o Nosso Dia;;Filmes;0;http://tvonhdbr.com:80/493754/NqCxf1/135495.m3u8;VOD_6GXU0V58R9;Filmes Saimo
Mundo Bita e os Animais;;Filmes;0;http://tvonhdbr.com:80/493754/NqCxf1/135494.m3u8;VOD_S3ZCJW4XKJ;Filmes Saimo
Music Box Brazil;;Filmes;0;https://frostview.squareweb.app/relay/m/aHR0cDovL3BhbGRpLnBybzo4MC9saXZlL3RvbmluaG8wMi9DYjQ5ODAzNy83MjE4NC5tM3U4.m3u8;VOD_NT22D0W1LS;Filmes Saimo
MyTime Movie Network;;Filmes;0;https://appletree-mytime-samsungbrazil.amagi.tv/playlist.m3u8;VOD_1K6MSGG3AIL;Filmes Saimo
N SPORTS;;Filmes;0;https://ogc-nsprt-tcl-roku-syndication.otteravision.com/ogc/nsprt/nsprt.m3u8;VOD_766M5O28YZ;Filmes Saimo
N Sports (Jogo 1);;Filmes;0;http://64.31.23.207:80/59471019/60849037/3460254.m3u8;VOD_XS5RPQPDDV;Filmes Saimo
Não é uma Caixa;;Filmes;0;http://tvonhdbr.com:80/493754/NqCxf1/371459.m3u8;VOD_1EVJYTSSDKU;Filmes Saimo
Naruto;;Filmes;0;https://jmp2.uk/plu-5f6df5a173d7340007c559f7.m3u8;VOD_1BVNVIPGEGA;Filmes Saimo
Naruto Shippuden;;Filmes;0;https://jmp2.uk/plu-64c92f965580090008084968.m3u8;VOD_AH87HRIMOT;Filmes Saimo
NatureTime;;Filmes;0;https://jmp2.uk/plu-681ba2ad93d3d19bcab47433.m3u8;VOD_PFU8FPFM12;Filmes Saimo
NBA 01;;Filmes;0;http://64.31.23.207:80/59471019/60849037/514097.m3u8;VOD_1B7VBR909NY;Filmes Saimo
NBA League Pass 1;;Filmes;0;http://tvonhdbr.com:80/493754/NqCxf1/140516.m3u8;VOD_HBRX43FZ4E;Filmes Saimo
NBA League Pass 2;;Filmes;0;http://tvonhdbr.com:80/493754/NqCxf1/140519.m3u8;VOD_1T60N57L1CV;Filmes Saimo
NBA League Pass 3;;Filmes;0;http://tvonhdbr.com:80/493754/NqCxf1/140522.m3u8;VOD_1NZ66SP68FD;Filmes Saimo
NBA League Pass 4;;Filmes;0;http://tvonhdbr.com:80/493754/NqCxf1/140525.m3u8;VOD_DHDUY5QFRR;Filmes Saimo
NBA League Pass 5;;Filmes;0;http://tvonhdbr.com:80/493754/NqCxf1/141487.m3u8;VOD_6ZL83DPZGB;Filmes Saimo
NBA League Pass 6;;Filmes;0;http://tvonhdbr.com:80/493754/NqCxf1/141490.m3u8;VOD_D4JDG4NQ4Z;Filmes Saimo
NBA TV;;Filmes;0;http://corruptx.org:80/hfp5ejnrey/zq0u3kzads/598890.m3u8;VOD_20791H17FW2;Filmes Saimo
NCIS;;Filmes;0;https://jmp2.uk/plu-63eb9fdda995710008991c54.m3u8;VOD_W7GE20PJB4;Filmes Saimo
NETFLIX LUTAS;;Filmes;0;http://corruptx.org:80/hfp5ejnrey/zq0u3kzads/591951.m3u8;VOD_YR78N5W3QP;Filmes Saimo
Nick Jr. Club;;Filmes;0;https://jmp2.uk/plu-6824ce95f09106f4b18f4114.m3u8;VOD_1GMY63SOV8Y;Filmes Saimo
Nickelodeon;;Filmes;0;https://stmv2.srvif.com/gafeab/gafeab/playlist.m3u8;VOD_244AQ98EWHT;Filmes Saimo
Nickelodeon Clássico;;Filmes;0;https://jmp2.uk/plu-6824ce10c5d53e1351ceb8d1.m3u8;VOD_2011ETDR0C7;Filmes Saimo
Nickelodeon iCarly;;Filmes;0;https://jmp2.uk/plu-620ff46e0a576e0007dc2f89.m3u8;VOD_1PBG8U1IOSF;Filmes Saimo
Nickelodeon Teen;;Filmes;0;https://jmp2.uk/plu-60f5fabf0721880007cd50e3.m3u8;VOD_2ESWA40TO74;Filmes Saimo
Nickelodeon Toons;;Filmes;0;https://jmp2.uk/plu-645951c0e94c38000802d2cb.m3u8;VOD_VGHKXFCI3N;Filmes Saimo
NickOnline;;Filmes;0;https://x1colegal.com/hls/stream.m3u8;VOD_SAIK5F9SKZ;Filmes Saimo
NickOnline Bob Esponja;;Filmes;0;https://bob.x1colegal.com/hls/stream.m3u8;VOD_242AIHOUHGH;Filmes Saimo
NickToons Brasil;;Filmes;0;https://stmv2.srvif.com/nicktoons/nicktoons/playlist.m3u8;VOD_MJN66J1Y1J;Filmes Saimo
Nicky Ricky Dicky e Dawn;;Filmes;0;http://tvonhdbr.com:80/493754/NqCxf1/145939.m3u8;VOD_1KI9QN2PLGE;Filmes Saimo
Nilba e os Desastronautas;;Filmes;0;http://tvonhdbr.com:80/493754/NqCxf1/223843.m3u8;VOD_1V7HYXY716Z;Filmes Saimo
Noruega x Dinamarca;;Filmes;0;http://tvonhdbr.com:80/493754/NqCxf1/317689.m3u8;VOD_1DFJCN36LPT;Filmes Saimo
NOSSO FUTEBOL 01;;Filmes;0;http://corruptx.org:80/hfp5ejnrey/zq0u3kzads/227505.m3u8;VOD_N3BL5OHV6F;Filmes Saimo
Numbers;;Filmes;0;https://jmp2.uk/plu-67f960c5441853fe50e7afc1.m3u8;VOD_1GB5GT8KF22;Filmes Saimo
O Acampamento de Lazlo;;Filmes;0;http://tvonhdbr.com:80/493754/NqCxf1/150113.m3u8;VOD_1I0TSXZNUY6;Filmes Saimo
O Aquario;;Filmes;0;http://tvonhdbr.com:80/493754/NqCxf1/306856.m3u8;VOD_1J3PN6P5GCI;Filmes Saimo
O CÃO COVARDE;;Filmes;0;http://corruptx.org:80/hfp5ejnrey/zq0u3kzads/1169260.m3u8;VOD_1UWHA0UOZWK;Filmes Saimo
O Chefinho De Volta aos Negocios;;Filmes;0;http://tvonhdbr.com:80/493754/NqCxf1/138953.m3u8;VOD_2393RPTH8WT;Filmes Saimo
O Encantador de Cães;;Filmes;0;https://jmp2.uk/plu-61099df8cee03b00074b2ecf.m3u8;VOD_MRELK36WA9;Filmes Saimo
O Fantastico Jaspion;;Filmes;0;http://tvonhdbr.com:80/493754/NqCxf1/135568.m3u8;VOD_1X87LXUM5G6;Filmes Saimo
O Fantastico Mundo de Bobby;;Filmes;0;http://tvonhdbr.com:80/493754/NqCxf1/138940.m3u8;VOD_CLS2Q0GJ5Y;Filmes Saimo
O Homem que veio do Céu;;Filmes;0;https://jmp2.uk/plu-62052d3b4eeb740007fbe125.m3u8;VOD_137A92I9WR1;Filmes Saimo
O Incrivel Mundo de Gumball;;Filmes;0;http://tvonhdbr.com:80/493754/NqCxf1/166348.m3u8;VOD_TS366OCXKK;Filmes Saimo
O Laboratorio de Dexter;;Filmes;0;http://tvonhdbr.com:80/493754/NqCxf1/150114.m3u8;VOD_UT398RHDQP;Filmes Saimo
O Marinheiro Popeye;;Filmes;0;http://tvonhdbr.com:80/493754/NqCxf1/145943.m3u8;VOD_1D4L6WA2HPG;Filmes Saimo
O Maskara;;Filmes;0;http://tvonhdbr.com:80/493754/NqCxf1/145380.m3u8;VOD_1YM7B7WPXJC;Filmes Saimo
O Mundo de Any Malu;;Filmes;0;http://tvonhdbr.com:80/493754/NqCxf1/375079.m3u8;VOD_M8QZ60D95O;Filmes Saimo
O Mundo de Greg;;Filmes;0;http://tvonhdbr.com:80/493754/NqCxf1/375078.m3u8;VOD_JIC3U9NGV4;Filmes Saimo
O Mundo Maravilhosamente Estranho de Gumball;;Filmes;0;http://tvonhdbr.com:80/493754/NqCxf1/371460.m3u8;VOD_RC47AEFUOP;Filmes Saimo
O Mundo Maravilhoso de Mickey Mouse;;Filmes;0;http://tvonhdbr.com:80/493754/NqCxf1/151621.m3u8;VOD_C6AMZIXI9R;Filmes Saimo
O Novo Show do Pica Pau;;Filmes;0;http://tvonhdbr.com:80/493754/NqCxf1/145381.m3u8;VOD_23JGK9BJ87K;Filmes Saimo
O Rancho;;Filmes;0;http://tvonhdbr.com:80/493754/NqCxf1/138956.m3u8;VOD_24TY2VNZZK;Filmes Saimo
O Reino Infantil;;Filmes;0;https://jmp2.uk/plu-5f5c216df68f920007888315.m3u8;VOD_CPSHE7N4NC;Filmes Saimo
O Show de Tom e Jerry;;Filmes;0;http://tvonhdbr.com:80/493754/NqCxf1/140743.m3u8;VOD_1WWUFNR0ZL9;Filmes Saimo
O Show do Garfield;;Filmes;0;http://tvonhdbr.com:80/493754/NqCxf1/137429.m3u8;VOD_1LUWEYG4N6L;Filmes Saimo
O Socio;;Filmes;0;http://tvonhdbr.com:80/493754/NqCxf1/137167.m3u8;VOD_KMOCK4O801;Filmes Saimo
Odo;;Filmes;0;http://tvonhdbr.com:80/493754/NqCxf1/150491.m3u8;VOD_159KVNWGBQU;Filmes Saimo
Oggy e as Baratas Tontas;;Filmes;0;https://jmp2.uk/plu-63221bafdc6e110007b50270.m3u8;VOD_1IFCDYUT2MZ;Filmes Saimo
One Piece;;Filmes;0;https://jmp2.uk/plu-624b1c8d4321e200073ee421.m3u8;VOD_1QM9R3WK5LS;Filmes Saimo
OneFootball 1;;Filmes;0;http://tvonhdbr.com:80/493754/NqCxf1/185800.m3u8;VOD_2CU1Z8LIUO4;Filmes Saimo
Operacao Big Hero;;Filmes;0;http://tvonhdbr.com:80/493754/NqCxf1/137430.m3u8;VOD_1FWGHHU0FUL;Filmes Saimo
Operacao Fronteira America do Sul;;Filmes;0;http://tvonhdbr.com:80/493754/NqCxf1/139304.m3u8;VOD_1ZO3XG81PYU;Filmes Saimo
Operacao Fronteira Brasil;;Filmes;0;http://tvonhdbr.com:80/493754/NqCxf1/254770.m3u8;VOD_9OY5QKCNSN;Filmes Saimo
Operacao Fronteira Espanha;;Filmes;0;http://tvonhdbr.com:80/493754/NqCxf1/254773.m3u8;VOD_DNZCFEK6TC;Filmes Saimo
Os Apuros de Penélope Charmosa;;Filmes;0;http://tvonhdbr.com:80/493754/NqCxf1/162376.m3u8;VOD_2CWUBPXVFQA;Filmes Saimo
Os Arquivos do FBI;;Filmes;0;https://jmp2.uk/plu-620d12a82e8ac50007c269c3.m3u8;VOD_317P4VRCUK;Filmes Saimo
Os Astronautas;;Filmes;0;http://tvonhdbr.com:80/493754/NqCxf1/137431.m3u8;VOD_5Y6VYQ89P5;Filmes Saimo
Os Backyardigans;;Filmes;0;http://tvonhdbr.com:80/493754/NqCxf1/141495.m3u8;VOD_Q0E5QNR58T;Filmes Saimo
Os Busbys + 5;;Filmes;0;http://tvonhdbr.com:80/493754/NqCxf1/151622.m3u8;VOD_1SKAJE9OGW4;Filmes Saimo
Os Cavaleiros do Zodiaco - Alma de Ouro;;Filmes;0;http://tvonhdbr.com:80/493754/NqCxf1/137135.m3u8;VOD_2C8V3DUONJV;Filmes Saimo
Os Cavaleiros do Zodiaco - Omega;;Filmes;0;http://tvonhdbr.com:80/493754/NqCxf1/138954.m3u8;VOD_1ITJ1LD85OF;Filmes Saimo
Os Cavaleiros do Zodiaco - Saga de Asgard;;Filmes;0;http://tvonhdbr.com:80/493754/NqCxf1/137131.m3u8;VOD_X3TUDJB3FA;Filmes Saimo
Os Cavaleiros do Zodiaco - Saga de Hades;;Filmes;0;http://tvonhdbr.com:80/493754/NqCxf1/137133.m3u8;VOD_1CI4IG09FB5;Filmes Saimo
Os Cavaleiros do Zodiaco - Saga de Poseidon;;Filmes;0;http://tvonhdbr.com:80/493754/NqCxf1/137132.m3u8;VOD_6WL0WCRZ12;Filmes Saimo
Os Cavaleiros do Zodiaco - Saga do Santuario;;Filmes;0;http://tvonhdbr.com:80/493754/NqCxf1/137130.m3u8;VOD_1RI5STEBDM0;Filmes Saimo
Os Cavaleiros do Zodiaco - The Lost Canvas;;Filmes;0;http://tvonhdbr.com:80/493754/NqCxf1/137134.m3u8;VOD_1HO6ZNFTK9Z;Filmes Saimo
Os Cavaleiros do Zodíaco Saint Seiya;;Filmes;0;http://tvonhdbr.com:80/493754/NqCxf1/137136.m3u8;VOD_13BW6YFDAJ9;Filmes Saimo
Os Feiticeiros De Waverly Place;;Filmes;0;http://tvonhdbr.com:80/493754/NqCxf1/138960.m3u8;VOD_KC3S7XVOZP;Filmes Saimo
Os Guerreiros Wasabi;;Filmes;0;http://tvonhdbr.com:80/493754/NqCxf1/137160.m3u8;VOD_2B5GA6AX34Y;Filmes Saimo
Os Herculoides;;Filmes;0;http://tvonhdbr.com:80/493754/NqCxf1/137164.m3u8;VOD_1XBRICU2CNE;Filmes Saimo
Os Homens Sao de Marte... E e pra La Que Eu Vou;;Filmes;0;http://tvonhdbr.com:80/493754/NqCxf1/137169.m3u8;VOD_R5TV47S4KF;Filmes Saimo
Os Incriveis Espioes;;Filmes;0;http://tvonhdbr.com:80/493754/NqCxf1/140744.m3u8;VOD_1O9MEH5NFHA;Filmes Saimo
Os Jetsons;;Filmes;0;http://tvonhdbr.com:80/493754/NqCxf1/137165.m3u8;VOD_14PDJIV9A8P;Filmes Saimo
Os Misterios de Frajola e Piu Piu;;Filmes;0;http://tvonhdbr.com:80/493754/NqCxf1/138027.m3u8;VOD_2879AH0UDU2;Filmes Saimo
Os Normais;;Filmes;0;http://tvonhdbr.com:80/493754/NqCxf1/137168.m3u8;VOD_1HDQ3YMQS27;Filmes Saimo
Os Padrinhos Mágicos;;Filmes;0;https://jmp2.uk/plu-63221e41af69b500076f84e7.m3u8;VOD_1PDY0WDKL06;Filmes Saimo
Os Pinguins de Madagascar;;Filmes;0;http://tvonhdbr.com:80/493754/NqCxf1/371448.m3u8;VOD_2083I29L8OR;Filmes Saimo
Os Roni;;Filmes;0;http://tvonhdbr.com:80/493754/NqCxf1/138964.m3u8;VOD_FBY4HRHY75;Filmes Saimo
Os Smurfs;;Filmes;0;https://jmp2.uk/plu-68b88ae1943f6fb1fb2ad749.m3u8;VOD_23A5UEBO1GD;Filmes Saimo
Os Thundermans;;Filmes;0;http://tvonhdbr.com:80/493754/NqCxf1/137432.m3u8;VOD_CVS5E7E7QB;Filmes Saimo
OS TRAPALHÕES;;Filmes;0;http://corruptx.org:80/hfp5ejnrey/zq0u3kzads/1169246.m3u8;VOD_1TZWFO073ZO;Filmes Saimo
Os Ursinhos Carinhosos;;Filmes;0;http://tvonhdbr.com:80/493754/NqCxf1/150496.m3u8;VOD_1PUU6HHJ8CI;Filmes Saimo
Os Ursinhos Gummi;;Filmes;0;http://tvonhdbr.com:80/493754/NqCxf1/140745.m3u8;VOD_H7QC549QWP;Filmes Saimo
Oswaldo;;Filmes;0;http://tvonhdbr.com:80/493754/NqCxf1/225330.m3u8;VOD_1VMCQPG39YJ;Filmes Saimo
Pac Man e as Aventuras Fantasmagoricas;;Filmes;0;http://tvonhdbr.com:80/493754/NqCxf1/306858.m3u8;VOD_ZYHXIHU8HL;Filmes Saimo
Paramount + 4;;Filmes;0;http://tvonhdbr.com:80/493754/NqCxf1/103521.m3u8;VOD_1O1JT9LUV23;Filmes Saimo
Paramount Channel;;Filmes;0;http://tvonhdbr.com:80/493754/NqCxf1/90634.m3u8;VOD_NAARQQRLWG;Filmes Saimo
Paramount+ (Jogo 1);;Filmes;0;https://52d080a3e172c33fd6886a37e7.s23-cloudfront-net.lat/8e8e8b142192ea65/paramountplus.txt;VOD_BBARZE56CO;Filmes Saimo
Paramount+ (Jogo 2);;Filmes;0;http://64.31.23.207:80/59471019/60849037/3460172.m3u8;VOD_FB039GTQMA;Filmes Saimo
Paramount+ (Jogo 3);;Filmes;0;http://64.31.23.207:80/59471019/60849037/3460173.m3u8;VOD_25L35BX2KZZ;Filmes Saimo
Paramount+ (Jogo 6);;Filmes;0;http://64.31.23.207:80/59471019/60849037/3460278.m3u8;VOD_1TKMSNX0NF0;Filmes Saimo
Patrulha Canina;;Filmes;0;http://tvonhdbr.com:80/493754/NqCxf1/135547.m3u8;VOD_26SSXWTZMJ5;Filmes Saimo
Pe na Cova;;Filmes;0;http://tvonhdbr.com:80/493754/NqCxf1/156658.m3u8;VOD_1RAUDYIZN6I;Filmes Saimo
Pegadinhas Just for Laughs;;Filmes;0;https://jmp2.uk/plu-67802a22a5d8215f99dcee30.m3u8;VOD_H65I7ZVDQG;Filmes Saimo
Peppa Pig;;Filmes;0;http://tvonhdbr.com:80/493754/NqCxf1/135548.m3u8;VOD_1RPHGYAMAEL;Filmes Saimo
Pesadelo Na Cozinha;;Filmes;0;http://tvonhdbr.com:80/493754/NqCxf1/138722.m3u8;VOD_113RGSP4C5;Filmes Saimo
Pestinha e Feroz;;Filmes;0;http://tvonhdbr.com:80/493754/NqCxf1/135501.m3u8;VOD_1NK2O8MAH9D;Filmes Saimo
PFL MMA;;Filmes;0;https://jmp2.uk/plu-64f6180130ab3300083d896b.m3u8;VOD_1U4A58RMVEI;Filmes Saimo
Phineas e Ferb;;Filmes;0;http://tvonhdbr.com:80/493754/NqCxf1/135499.m3u8;VOD_O78ZU4E1C;Filmes Saimo
Pinha e Pony;;Filmes;0;http://tvonhdbr.com:80/493754/NqCxf1/306859.m3u8;VOD_21AHJCK8J1I;Filmes Saimo
PlayTV;;Filmes;0;https://isaocorp.cloudecast.com/playtv/index.m3u8;VOD_8YDGXY3WIF;Filmes Saimo
Pluto TV Aliens;;Filmes;0;https://jmp2.uk/plu-6806d65e84f24b70109485fa.m3u8;VOD_15XHJ5OF9T6;Filmes Saimo
Pluto TV Animais;;Filmes;0;https://jmp2.uk/plu-6474aa984cfc2c0008883a92.m3u8;VOD_297L3K2ZZ50;Filmes Saimo
Pluto TV Anime;;Filmes;0;https://jmp2.uk/plu-5f12136385bccc00070142ed.m3u8;VOD_LO705L0GL6;Filmes Saimo
Pluto TV Anime Ação;;Filmes;0;https://jmp2.uk/plu-604b79c558393100078faeef.m3u8;VOD_E90QCA4OAM;Filmes Saimo
Pluto TV Bang Bang;;Filmes;0;https://jmp2.uk/plu-663b9dc7cb3ea10008f1a0ce.m3u8;VOD_ZAXS2M4FRZ;Filmes Saimo
Pluto TV Canal UOL;;Filmes;0;https://jmp2.uk/plu-64b9370b409629000802d32b.m3u8;VOD_14UE7KO7P5N;Filmes Saimo
Pluto TV Cine Clássicos;;Filmes;0;https://jmp2.uk/plu-5fa1612a669ba0000702017b.m3u8;VOD_20UVWH8UL9A;Filmes Saimo
Pluto TV Cine Comédia;;Filmes;0;https://jmp2.uk/plu-5f12101f0b12f00007844c7c.m3u8;VOD_2F6QGHIL0FN;Filmes Saimo
Pluto TV Cine Comédia Romântica;;Filmes;0;https://jmp2.uk/plu-62545ed3dab4380007582f7c.m3u8;VOD_1B4C038553H;Filmes Saimo
Pluto TV Cine Crime;;Filmes;0;https://jmp2.uk/plu-6479ff764f5ba5000878dfe2.m3u8;VOD_15D2XGM0CDZ;Filmes Saimo
Pluto TV Cine Drama;;Filmes;0;https://jmp2.uk/plu-5f1210d14ae1f80007bafb1d.m3u8;VOD_H1TTMVP97Y;Filmes Saimo
Pluto TV Cine Família;;Filmes;0;https://jmp2.uk/plu-5f171f032cd22e0007f17f3d.m3u8;VOD_LUDLU85UYN;Filmes Saimo
Pluto TV Cine Inspiração;;Filmes;0;https://jmp2.uk/plu-5fa991b1f09e020007e78626.m3u8;VOD_1US3LU0CV2Z;Filmes Saimo
Pluto TV Cine Romance;;Filmes;0;https://jmp2.uk/plu-5f171f988ab9780007fa95ea.m3u8;VOD_1HXREQ6LXRJ;Filmes Saimo
Pluto TV Cine Sucessos;;Filmes;0;https://jmp2.uk/plu-5f120e94a5714d00074576a1.m3u8;VOD_ZFFQRQXB5G;Filmes Saimo
Pluto TV Cine Terror;;Filmes;0;https://jmp2.uk/plu-5f12111c9e6c2c00078ef3bb.m3u8;VOD_W9XXYUVU4W;Filmes Saimo
Pluto TV Cozinha;;Filmes;0;https://jmp2.uk/plu-5f1ef23020a5ac0007e5e8ea.m3u8;VOD_GFMSO0Q6WB;Filmes Saimo
Pluto TV Desenhos Clássicos;;Filmes;0;https://jmp2.uk/plu-655e5c4d2c46f3000877a54b.m3u8;VOD_FG9BC9T0N0;Filmes Saimo
Pluto TV Esportes;;Filmes;0;https://jmp2.uk/plu-5f32d2db0af67400077f29c4.m3u8;VOD_2970NUJ8LPJ;Filmes Saimo
Pluto TV Ficção Científica;;Filmes;0;https://jmp2.uk/plu-5fa15ad6367e170007cdd098.m3u8;VOD_25DA6P8GSWH;Filmes Saimo
Pluto TV Filmes Ação;;Filmes;0;https://jmp2.uk/plu-5f120f41b7d403000783a6d6.m3u8;VOD_250CJV95W2O;Filmes Saimo
Pluto TV Filmes Aventura;;Filmes;0;https://jmp2.uk/plu-66c79a4262e5510008ff68a5.m3u8;VOD_JVWXI2QVVR;Filmes Saimo
Pluto TV Filmes de Luta;;Filmes;0;https://jmp2.uk/plu-6806d62369aec5b19cd628c0.m3u8;VOD_164MITFYP36;Filmes Saimo
Pluto TV Filmes Nacionais;;Filmes;0;https://jmp2.uk/plu-5f5a545d0dbf7f0007c09408.m3u8;VOD_1JLRBKKKMV2;Filmes Saimo
Pluto TV História;;Filmes;0;https://jmp2.uk/plu-5f1ef1a8cec6be00072a7ac9.m3u8;VOD_1ABCTV7NICE;Filmes Saimo
Pluto TV Investigação;;Filmes;0;https://jmp2.uk/plu-5f32cf37c9ff2b00082adbc8.m3u8;VOD_1PPOM7IZRZ4;Filmes Saimo
Pluto TV Junior;;Filmes;0;https://jmp2.uk/plu-5f12141b146d760007934ea7.m3u8;VOD_1NMUWBHWXDI;Filmes Saimo
Pluto TV Karaokê por Stingray;;Filmes;0;https://jmp2.uk/plu-604b99d633a72b00078e05ad.m3u8;VOD_1R0DS1G32IR;Filmes Saimo
Pluto TV KFOOD;;Filmes;0;https://jmp2.uk/plu-633ee9ba83c08f00076b60a6.m3u8;VOD_1A7VYSM890A;Filmes Saimo
Pluto TV Kids;;Filmes;0;https://jmp2.uk/plu-5f1214a637c6fd00079c652f.m3u8;VOD_VQ1W1399US;Filmes Saimo
Pluto TV Kids Club;;Filmes;0;https://jmp2.uk/plu-66c8cae7fed35b0008580ec0.m3u8;VOD_1FUIU7SKUQT;Filmes Saimo
Pluto TV Mistérios;;Filmes;0;https://jmp2.uk/plu-5fac52f142044f00078e2a51.m3u8;VOD_6UL13C52J1;Filmes Saimo
Pluto TV Natureza;;Filmes;0;https://jmp2.uk/plu-5f1213ba0ecebc00070e170f.m3u8;VOD_1U5IDWZRO4D;Filmes Saimo
Pluto TV Negócio Fechado;;Filmes;0;https://jmp2.uk/plu-64ad7394798def00087b2bfe.m3u8;VOD_1UBOAQIBTHT;Filmes Saimo
Pluto TV Netmovies;;Filmes;0;https://jmp2.uk/plu-663b9de4f999220008230fa8.m3u8;VOD_1HPFVNMEWW0;Filmes Saimo
Pluto TV Novelas;;Filmes;0;https://jmp2.uk/plu-5f512365abe1f50007d3ff56.m3u8;VOD_2G8M9VMI62Y;Filmes Saimo
Pluto TV Paisagens por Stingray;;Filmes;0;https://jmp2.uk/plu-604a8dedbca75b0007b1c753.m3u8;VOD_8USL5QUA2B;Filmes Saimo
Pluto TV Policial;;Filmes;0;https://jmp2.uk/plu-678fdf9e3de7c8cf948e8824.m3u8;VOD_2EATONFZW6P;Filmes Saimo
Pluto TV Record News;;Filmes;0;https://jmp2.uk/plu-6102e04e9ab1db0007a980a1.m3u8;VOD_27EP35JJS8;Filmes Saimo
Pluto TV Retrô;;Filmes;0;https://jmp2.uk/plu-5f1212ad1728050007a523b8.m3u8;VOD_1ELSUN8UUEX;Filmes Saimo
Pluto TV Séries Ação;;Filmes;0;https://jmp2.uk/plu-6474ab1da51cb80008bfb5f4.m3u8;VOD_1QFKZJADO12;Filmes Saimo
Pluto TV Séries Comédia;;Filmes;0;https://jmp2.uk/plu-655e5bc94261ca000810cb17.m3u8;VOD_20KDB99FZYH;Filmes Saimo
Pluto TV Séries Criminais;;Filmes;0;https://jmp2.uk/plu-6474ab5cdc7a760008745008.m3u8;VOD_5UUATGTM5D;Filmes Saimo
Pluto TV Séries Drama;;Filmes;0;https://jmp2.uk/plu-65f060d84e01740008d7421f.m3u8;VOD_3L3UZ9L0XX;Filmes Saimo
Pluto TV Séries Novelescas;;Filmes;0;https://jmp2.uk/plu-691627e4a29a6123e400b3e0.m3u8;VOD_1G8UQBGKTJ5;Filmes Saimo
Pluto TV Séries Sci-Fi;;Filmes;0;https://jmp2.uk/plu-63d2ba2f60bc8f0008981a0e.m3u8;VOD_1YJ82EHK23G;Filmes Saimo
Pluto TV Shows por Stingray;;Filmes;0;https://jmp2.uk/plu-604b91e0692f770007d9f33f.m3u8;VOD_1849X6YF7PZ;Filmes Saimo
Pluto TV Star Trek;;Filmes;0;https://jmp2.uk/plu-5f99ac4fded33000078f29ab.m3u8;VOD_A58FBND6G7;Filmes Saimo
Pluto TV Terror Trash;;Filmes;0;https://jmp2.uk/plu-66aa67493a4ad2000806d91b.m3u8;VOD_1LMBZ5MPBGY;Filmes Saimo
Pluto TV Turbo;;Filmes;0;https://jmp2.uk/plu-6014761dfb91870008ea6463.m3u8;VOD_1HKC442UTZI;Filmes Saimo
Pluto TV Viagens;;Filmes;0;https://jmp2.uk/plu-5f32d432d612e50007e56133.m3u8;VOD_V8WZKSJEBH;Filmes Saimo
Pluto TV Vida Real;;Filmes;0;https://jmp2.uk/plu-5f32d4d9ec194100070c7449.m3u8;VOD_14TN9VFKTFD;Filmes Saimo
Pocoyo;;Filmes;0;http://tvonhdbr.com:80/493754/NqCxf1/137435.m3u8;VOD_2FZP10DY9OI;Filmes Saimo
Pokémon;;Filmes;0;https://jmp2.uk/plu-687007a8ee4155e89a8f6d67.m3u8;VOD_XQAX6B9RFX;Filmes Saimo
Popeye;;Filmes;0;https://jmp2.uk/plu-677d93f37bffa600080795e7.m3u8;VOD_27QCFP28S4S;Filmes Saimo
Portugal x País de Gales;;Filmes;0;http://tvonhdbr.com:80/493754/NqCxf1/317690.m3u8;VOD_2Q1NQENAQ1;Filmes Saimo
Premiere 2;;Filmes;0;https://frostview.squareweb.app/relay/m/aHR0cDovL3BhbGRpLnBybzo4MC9saXZlL3RvbmluaG8wMi9DYjQ5ODAzNy83MjIzOC5tM3U4.m3u8;VOD_295JOD1PO6S;Filmes Saimo
Premiere 3;;Filmes;0;https://frostview.squareweb.app/relay/m/aHR0cDovL3BhbGRpLnBybzo4MC9saXZlL3RvbmluaG8wMi9DYjQ5ODAzNy83MjI0MS5tM3U4.m3u8;VOD_2JFN67Y8R0;Filmes Saimo
Premiere 4;;Filmes;0;https://frostview.squareweb.app/relay/m/aHR0cDovL3BhbGRpLnBybzo4MC9saXZlL3RvbmluaG8wMi9DYjQ5ODAzNy83MjI0NS5tM3U4.m3u8;VOD_XQQ4VH61HL;Filmes Saimo
Premiere 5;;Filmes;0;https://frostview.squareweb.app/relay/m/aHR0cDovL3BhbGRpLnBybzo4MC9saXZlL3RvbmluaG8wMi9DYjQ5ODAzNy83MjI0OS5tM3U4.m3u8;VOD_2AFZ4JM14ID;Filmes Saimo
Premiere 6;;Filmes;0;https://frostview.squareweb.app/relay/m/aHR0cDovL3BhbGRpLnBybzo4MC9saXZlL3RvbmluaG8wMi9DYjQ5ODAzNy83MjI1My5tM3U4.m3u8;VOD_1IV43KOM9XZ;Filmes Saimo
Premiere 7;;Filmes;0;https://frostview.squareweb.app/relay/m/aHR0cDovL3BhbGRpLnBybzo4MC9saXZlL3RvbmluaG8wMi9DYjQ5ODAzNy83MjI1Ny5tM3U4.m3u8;VOD_U0PY44OV87;Filmes Saimo
Premiere 8;;Filmes;0;https://frostview.squareweb.app/relay/m/aHR0cDovL3BhbGRpLnBybzo4MC9saXZlL3RvbmluaG8wMi9DYjQ5ODAzNy8xODAxNTgubTN1OA.m3u8;VOD_21HP3Z69AJ;Filmes Saimo
PREMIERE 8 MOSAICO;;Filmes;0;http://corruptx.org:80/hfp5ejnrey/zq0u3kzads/30063.m3u8;VOD_1IJ1TOFYDRA;Filmes Saimo
Premiere Clubes;;Filmes;0;https://52d080a3e172c33fd6886a37e7.s23-cloudfront-net.lat/8e8e8b142192ea65/premiere.txt;VOD_1MVCVI176PM;Filmes Saimo
Prime Box Brazil;;Filmes;0;http://tvonhdbr.com:80/493754/NqCxf1/103476.m3u8;VOD_1IWNC1N4RNY;Filmes Saimo
Prison Break: Em Busca da Verdade;;Filmes;0;http://tvonhdbr.com:80/493754/NqCxf1/371494.m3u8;VOD_1QYYE90FQYG;Filmes Saimo
Programa Cameras Escondidas;;Filmes;0;http://tvonhdbr.com:80/493754/NqCxf1/151950.m3u8;VOD_OKL3WJJDAY;Filmes Saimo
Pronto-socorro: Histórias De Emergência;;Filmes;0;https://jmp2.uk/plu-61bb72a7bf8c520007a8fd27.m3u8;VOD_1YPBTCNEC3X;Filmes Saimo
PT - A Bola;;Filmes;0;https://52d080a3e172c33fd6886a37e7.s23-cloudfront-net.lat/8e8e8b142192ea65/pt_abola.txt;VOD_3830AE9SK3;Filmes Saimo
PT - Benfica TV;;Filmes;0;https://52d080a3e172c33fd6886a37e7.s23-cloudfront-net.lat/8e8e8b142192ea65/pt_benficatv.txt;VOD_10ZSRIEPLES;Filmes Saimo
PT - Canal 11;;Filmes;0;https://52d080a3e172c33fd6886a37e7.s23-cloudfront-net.lat/8e8e8b142192ea65/pt_canal11.txt;VOD_1KU6SQ0HO6O;Filmes Saimo
PT - Eleven 1;;Filmes;0;https://52d080a3e172c33fd6886a37e7.s23-cloudfront-net.lat/8e8e8b142192ea65/pt_eleven1.txt;VOD_14K1B9213G;Filmes Saimo
PT - Eleven 2;;Filmes;0;https://52d080a3e172c33fd6886a37e7.s23-cloudfront-net.lat/8e8e8b142192ea65/pt_eleven2.txt;VOD_3IKQ2ZLUHT;Filmes Saimo
PT - Eleven 3;;Filmes;0;https://52d080a3e172c33fd6886a37e7.s23-cloudfront-net.lat/8e8e8b142192ea65/pt_eleven3.txt;VOD_1Q8QIL33G20;Filmes Saimo
PT - Sporttv 1;;Filmes;0;https://52d080a3e172c33fd6886a37e7.s23-cloudfront-net.lat/8e8e8b142192ea65/pt_sportv1.txt;VOD_1BJ4IE3SX3H;Filmes Saimo
PT - Sporttv 2;;Filmes;0;https://52d080a3e172c33fd6886a37e7.s23-cloudfront-net.lat/8e8e8b142192ea65/pt_sportv2.txt;VOD_G8KRL3HE9Z;Filmes Saimo
PT - Sporttv 3;;Filmes;0;https://52d080a3e172c33fd6886a37e7.s23-cloudfront-net.lat/8e8e8b142192ea65/pt_sportv3.txt;VOD_1TMO4HDJHSK;Filmes Saimo
PT - Sporttv 4;;Filmes;0;https://52d080a3e172c33fd6886a37e7.s23-cloudfront-net.lat/8e8e8b142192ea65/pt_sportv4.txt;VOD_1AIT8HMCVN4;Filmes Saimo
PT - Sporttv 5;;Filmes;0;https://52d080a3e172c33fd6886a37e7.s23-cloudfront-net.lat/8e8e8b142192ea65/pt_sportv5.txt;VOD_1SHC5UZCSW7;Filmes Saimo
PT - Sporttv 6;;Filmes;0;https://52d080a3e172c33fd6886a37e7.s23-cloudfront-net.lat/8e8e8b142192ea65/pt_sportv6.txt;VOD_UUC6LHYKYT;Filmes Saimo
PT - Sporttv 7;;Filmes;0;https://52d080a3e172c33fd6886a37e7.s23-cloudfront-net.lat/8e8e8b142192ea65/pt_sportv7.txt;VOD_15VFESKDIKY;Filmes Saimo
Quilos Mortais;;Filmes;0;http://tvonhdbr.com:80/493754/NqCxf1/136820.m3u8;VOD_XNHB5M2HO;Filmes Saimo
Quilos Mortais Como Eles Estao Agora;;Filmes;0;http://tvonhdbr.com:80/493754/NqCxf1/149526.m3u8;VOD_NXA0N3O6L;Filmes Saimo
Ra e Sapo;;Filmes;0;http://tvonhdbr.com:80/493754/NqCxf1/306860.m3u8;VOD_9HLE4VDXER;Filmes Saimo
RACER Brasil;;Filmes;0;https://jmp2.uk/plu-65a6818c7bdc8d0008457b21.m3u8;VOD_1JMMU9DL7LR;Filmes Saimo
Realmadrid TV;;Filmes;0;https://jmp2.uk/plu-63dac28760bc8f0008a7654b.m3u8;VOD_TNDP478OSI;Filmes Saimo
Record;;Filmes;0;http://79.127.238.228:14057;VOD_5UHP3TXSRF;Filmes Saimo
Record GO;;Filmes;0;https://52d080a3e172c33fd6886a37e7.s23-cloudfront-net.lat/8e8e8b142192ea65/recordgo.txt;VOD_1HETC2EQNQF;Filmes Saimo
Record MG;;Filmes;0;https://52d080a3e172c33fd6886a37e7.s23-cloudfront-net.lat/8e8e8b142192ea65/recordmg.txt;VOD_1MW18YNJ1QB;Filmes Saimo
Record News;;Filmes;0;https://frostview.squareweb.app/relay/m/aHR0cDovL3BhbGRpLnBybzo4MC9saXZlL3RvbmluaG8wMi9DYjQ5ODAzNy8xNzg1MjIubTN1OA.m3u8;VOD_2CPZ8MKKDPO;Filmes Saimo
Record RJ;;Filmes;0;https://52d080a3e172c33fd6886a37e7.s23-cloudfront-net.lat/8e8e8b142192ea65/recordrj.txt;VOD_2CZGV6ZL9C4;Filmes Saimo
Record SP;;Filmes;0;https://52d080a3e172c33fd6886a37e7.s23-cloudfront-net.lat/8e8e8b142192ea65/recordsp.txt;VOD_2FLQ4OOK9WA;Filmes Saimo
Red Bull TV BR;;Filmes;0;https://jmp2.uk/plu-67813f3162bf016db944c9ab.m3u8;VOD_1BI9MUZQ3Q9;Filmes Saimo
Rede Brasil;;Filmes;0;https://redebrasil.nuvemplay.live/hls/stream.m3u8;VOD_WXLGBRJE2G;Filmes Saimo
Rede Família;;Filmes;0;http://64.31.23.207:80/59471019/60849037/3459544.m3u8;VOD_872GHAU8H4;Filmes Saimo
Rede Gospel;;Filmes;0;https://frostview.squareweb.app/relay/m/aHR0cDovL3BhbGRpLnBybzo4MC9saXZlL3RvbmluaG8wMi9DYjQ5ODAzNy8xMDQ5MjkubTN1OA.m3u8;VOD_29EAYDB880U;Filmes Saimo
Rede TV!;;Filmes;0;https://frostview.squareweb.app/relay/m/aHR0cDovL3BhbGRpLnBybzo4MC9saXZlL3RvbmluaG8wMi9DYjQ5ODAzNy83MjI5Ny5tM3U4.m3u8;VOD_3MYHU7M1WB_1NRRKZ;Filmes Saimo
Rede Vida;;Filmes;0;https://frostview.squareweb.app/relay/m/aHR0cDovL3BhbGRpLnBybzo4MC9saXZlL3RvbmluaG8wMi9DYjQ5ODAzNy83MjI5My5tM3U4.m3u8;VOD_SZKBHYPTSR;Filmes Saimo
RedeTV!;;Filmes;0;https://frostview.squareweb.app/relay/m/aHR0cDovL3BhbGRpLnBybzo4MC9saXZlL3RvbmluaG8wMi9DYjQ5ODAzNy83MjI5Ny5tM3U4.m3u8;VOD_3MYHU7M1WB;Filmes Saimo
Restaurando Casas com Dave e Jenny;;Filmes;0;http://tvonhdbr.com:80/493754/NqCxf1/255221.m3u8;VOD_2ULFXF9DGY;Filmes Saimo
Ridley Jones A Guardia do Museu;;Filmes;0;http://tvonhdbr.com:80/493754/NqCxf1/137436.m3u8;VOD_7O8VYCBAO5;Filmes Saimo
Riquinho;;Filmes;0;http://tvonhdbr.com:80/493754/NqCxf1/140746.m3u8;VOD_164A2D6FCK8;Filmes Saimo
RIT;;Filmes;0;https://acesso.ecast.site:3648/live/ritlive.m3u8;VOD_PHUGZ4LCBJ;Filmes Saimo
Rocketeer;;Filmes;0;http://tvonhdbr.com:80/493754/NqCxf1/137437.m3u8;VOD_120T5FWPJWD;Filmes Saimo
Rocky e Hudson Os Caubois Gays;;Filmes;0;http://tvonhdbr.com:80/493754/NqCxf1/137438.m3u8;VOD_1FQ299UB4QO;Filmes Saimo
Rookie Blue;;Filmes;0;https://jmp2.uk/plu-64ff2d8c6625510008c5a512.m3u8;VOD_1C8TLCMUVVD;Filmes Saimo
Royal Crackers;;Filmes;0;http://tvonhdbr.com:80/493754/NqCxf1/254758.m3u8;VOD_187X2PN3URS;Filmes Saimo
Rua Dalmatas 101;;Filmes;0;http://tvonhdbr.com:80/493754/NqCxf1/137439.m3u8;VOD_1ET68NQMI48;Filmes Saimo
Rugrats Os Anjinhos;;Filmes;0;http://tvonhdbr.com:80/493754/NqCxf1/149539.m3u8;VOD_7D33MGKRXU;Filmes Saimo
Runtime;;Filmes;0;https://jmp2.uk/plu-62c5d32e2c48f9000715b6e9.m3u8;VOD_AYFRRBOQHD;Filmes Saimo
Sabor & Arte;;Filmes;0;http://tvonhdbr.com:80/493754/NqCxf1/112013.m3u8;VOD_K9CC5OFUPG;Filmes Saimo
Sai de Baixo;;Filmes;0;http://tvonhdbr.com:80/493754/NqCxf1/140747.m3u8;VOD_UOAF3OL76D;Filmes Saimo
Sailor Moon;;Filmes;0;http://tvonhdbr.com:80/493754/NqCxf1/140755.m3u8;VOD_10VOH7NH1OB;Filmes Saimo
Salsicha e Scooby Atras das Pistas;;Filmes;0;http://tvonhdbr.com:80/493754/NqCxf1/306861.m3u8;VOD_1CDINFKELZV;Filmes Saimo
SBT;;Filmes;0;https://6836041ea1117.streamlock.net/cverde/cverde/playlist.m3u8;VOD_2BZP1RQLH0Q;Filmes Saimo
SBT Alterosa;;Filmes;0;http://64.31.23.207:80/59471019/60849037/324287.m3u8;VOD_2BQY32MJ5K3;Filmes Saimo
SBT BA;;Filmes;0;http://64.31.23.207:80/59471019/60849037/324288.m3u8;VOD_84VL91XYKM;Filmes Saimo
SBT GO;;Filmes;0;http://64.31.23.207:80/59471019/60849037/324291.m3u8;VOD_11SLFOHUEEI;Filmes Saimo
SBT Londrina;;Filmes;0;http://64.31.23.207:80/59471019/60849037/324312.m3u8;VOD_13JE2WIRUYA;Filmes Saimo
SBT MA;;Filmes;0;http://64.31.23.207:80/59471019/60849037/324295.m3u8;VOD_14WF9DU0SNH;Filmes Saimo
SBT Maringá;;Filmes;0;http://64.31.23.207:80/59471019/60849037/324311.m3u8;VOD_1L9MD940O1I;Filmes Saimo
SBT MG;;Filmes;0;http://64.31.23.207:80/59471019/60849037/324296.m3u8;VOD_1Y891YZHKOS;Filmes Saimo
SBT MT;;Filmes;0;http://64.31.23.207:80/59471019/60849037/324297.m3u8;VOD_LE1N9TZ8A3;Filmes Saimo
SBT News;;Filmes;0;https://sbtnews.maissbt.com/index.m3u8;VOD_23C2U4USSDJ;Filmes Saimo
SBT PI;;Filmes;0;http://64.31.23.207:80/59471019/60849037/324300.m3u8;VOD_186HMN9HLEA;Filmes Saimo
SBT PR;;Filmes;0;http://64.31.23.207:80/59471019/60849037/324301.m3u8;VOD_2G2Y9IPKKPR;Filmes Saimo
SBT RJ;;Filmes;0;https://frostview.squareweb.app/relay/m/aHR0cDovL3BhbGRpLnBybzo4MC9saXZlL3RvbmluaG8wMi9DYjQ5ODAzNy8xMDg2ODEubTN1OA.m3u8;VOD_C7DDJSIJ0M;Filmes Saimo
SBT SP;;Filmes;0;https://frostview.squareweb.app/relay/m/aHR0cDovL3BhbGRpLnBybzo4MC9saXZlL3RvbmluaG8wMi9DYjQ5ODAzNy83Nzk2My5tM3U4.m3u8;VOD_21IFGO618Y1;Filmes Saimo
SBT TV Jornal PE;;Filmes;0;http://64.31.23.207:80/59471019/60849037/324313.m3u8;VOD_1UHN13GJ6BL;Filmes Saimo
SBT+ Kids;;Filmes;0;http://64.31.23.207:80/59471019/60849037/324284.m3u8;VOD_269RIAU9RBJ;Filmes Saimo
SBT+ Novelas;;Filmes;0;http://64.31.23.207:80/59471019/60849037/324283.m3u8;VOD_BKIE3V97PC;Filmes Saimo
SBT+ Raiz;;Filmes;0;http://64.31.23.207:80/59471019/60849037/324285.m3u8;VOD_8H7IPHTGB0;Filmes Saimo
Scooby Doo Mistério SA;;Filmes;0;http://tvonhdbr.com:80/493754/NqCxf1/151951.m3u8;VOD_2GG9QJWZTGB;Filmes Saimo
Sérvia x Grécia;;Filmes;0;http://tvonhdbr.com:80/493754/NqCxf1/317688.m3u8;VOD_1KHS7HK5MHP;Filmes Saimo
SESC TV;;Filmes;0;http://45.162.64.114/SESC_TV/index.m3u8;VOD_V48ZSR4N0H;Filmes Saimo
Sessao de Terapia;;Filmes;0;http://tvonhdbr.com:80/493754/NqCxf1/137106.m3u8;VOD_1D99LI0IQ9V;Filmes Saimo
SFT Combat;;Filmes;0;https://jmp2.uk/plu-6660b636cb3ea10008429c6a.m3u8;VOD_23Z0SSKDKVD;Filmes Saimo
Shaman King;;Filmes;0;http://tvonhdbr.com:80/493754/NqCxf1/162377.m3u8;VOD_5IGKF5JETI;Filmes Saimo
Shark Tank Brasil;;Filmes;0;http://tvonhdbr.com:80/493754/NqCxf1/137100.m3u8;VOD_EB6ZMPSRMX;Filmes Saimo
She Ra A Princesa Do Poder;;Filmes;0;http://tvonhdbr.com:80/493754/NqCxf1/137617.m3u8;VOD_1TAAZLQ78SW;Filmes Saimo
Show do Milhao PicPay;;Filmes;0;http://tvonhdbr.com:80/493754/NqCxf1/137615.m3u8;VOD_R34YTKT4L1;Filmes Saimo
Sítio do Picapau Amarelo;;Filmes;0;http://tvonhdbr.com:80/493754/NqCxf1/137024.m3u8;VOD_24DM5NR2H4K;Filmes Saimo
SMALLVILLE;;Filmes;0;http://corruptx.org:80/hfp5ejnrey/zq0u3kzads/1169255.m3u8;VOD_233YB360POL;Filmes Saimo
Smithsonian Channel Pluto TV;;Filmes;0;https://jmp2.uk/plu-6298bd10d88ef000073f16b7.m3u8;VOD_760XHHSEJ9;Filmes Saimo
Snoopy e Sua Turma;;Filmes;0;http://tvonhdbr.com:80/493754/NqCxf1/137027.m3u8;VOD_1QCDQIYBF98;Filmes Saimo
Snoopy Vai Acampar;;Filmes;0;http://tvonhdbr.com:80/493754/NqCxf1/306862.m3u8;VOD_SC7HGR4DN5;Filmes Saimo
Sob Nova Direcao;;Filmes;0;http://tvonhdbr.com:80/493754/NqCxf1/306827.m3u8;VOD_1ZE4DDKNEQR;Filmes Saimo
Solar Opposites;;Filmes;0;http://tvonhdbr.com:80/493754/NqCxf1/223835.m3u8;VOD_QO76KBFT9E;Filmes Saimo
Soltos em Floripa;;Filmes;0;http://tvonhdbr.com:80/493754/NqCxf1/137028.m3u8;VOD_280FAIPYAXH;Filmes Saimo
Sonny Boy;;Filmes;0;http://tvonhdbr.com:80/493754/NqCxf1/137616.m3u8;VOD_28GCJA6H4P5;Filmes Saimo
Sony Channel;;Filmes;0;https://52d080a3e172c33fd6886a37e7.s23-cloudfront-net.lat/8e8e8b142192ea65/sonychannel.txt;VOD_1U3CEHFJ9P8;Filmes Saimo
SONY Movies;;Filmes;0;http://45.162.64.114/SONY_MOVIES/index.m3u8;VOD_16J2QM369WG;Filmes Saimo
Sony One Emoções;;Filmes;0;http://64.31.23.207:80/59471019/60849037/324517.m3u8;VOD_2F9RTZU4BMP;Filmes Saimo
Sony One Shark Tank Brasil;;Filmes;0;https://jmp2.uk/plu-6647c0b91050b60008390de4.m3u8;VOD_2FUL5HLZ2C7;Filmes Saimo
SOS Cachorrinhos;;Filmes;0;http://tvonhdbr.com:80/493754/NqCxf1/137030.m3u8;VOD_7FE3ZFKNCE;Filmes Saimo
South Park;;Filmes;0;http://tvonhdbr.com:80/493754/NqCxf1/137031.m3u8;VOD_B6512EAFFH;Filmes Saimo
South Park: Coleção Cartman;;Filmes;0;https://jmp2.uk/plu-65df71008b24c80008f04281.m3u8;VOD_2GCU5C9N5MK;Filmes Saimo
South Park: Coleção Kenny;;Filmes;0;https://jmp2.uk/plu-65df704366eec8000898e32f.m3u8;VOD_1VCBZZMWJHA;Filmes Saimo
South Park: Coleção Kyle;;Filmes;0;https://jmp2.uk/plu-65df713dec9fda0008b7a81d.m3u8;VOD_6TKN2DZAUP;Filmes Saimo
South Park: Coleção Stan;;Filmes;0;https://jmp2.uk/plu-65df70b0f7f0af0008c3b316.m3u8;VOD_135JL3PCJU8;Filmes Saimo
Space;;Filmes;0;https://frostview.squareweb.app/relay/m/aHR0cDovL3BhbGRpLnBybzo4MC9saXZlL3RvbmluaG8wMi9DYjQ5ODAzNy83MjMxOC5tM3U4.m3u8;VOD_EOVV4T7GUL;Filmes Saimo
Spidey e Seus Amigos Espetaculares;;Filmes;0;http://tvonhdbr.com:80/493754/NqCxf1/166350.m3u8;VOD_KY2WW2TSWF;Filmes Saimo
SporTV;;Filmes;0;https://frostview.squareweb.app/relay/m/aHR0cDovL3BhbGRpLnBybzo4MC9saXZlL3RvbmluaG8wMi9DYjQ5ODAzNy83MjMyOS5tM3U4.m3u8;VOD_113EWSUKW61;Filmes Saimo
SporTV 2;;Filmes;0;https://frostview.squareweb.app/relay/m/aHR0cDovL3BhbGRpLnBybzo4MC9saXZlL3RvbmluaG8wMi9DYjQ5ODAzNy83MjMyMS5tM3U4.m3u8;VOD_1XUFS9C0ZXC;Filmes Saimo
SporTV 3;;Filmes;0;https://frostview.squareweb.app/relay/m/aHR0cDovL3BhbGRpLnBybzo4MC9saXZlL3RvbmluaG8wMi9DYjQ5ODAzNy83MjMyNS5tM3U4.m3u8;VOD_2CUUFJZEY61;Filmes Saimo
SporTV 4;;Filmes;0;https://frostview.squareweb.app/relay/m/aHR0cDovL3BhbGRpLnBybzo4MC9saXZlL3RvbmluaG8wMi9DYjQ5ODAzNy8yNzYwODkubTN1OA.m3u8;VOD_1UO7SL7JJ0N;Filmes Saimo
SportyNet;;Filmes;0;http://tvonhdbr.com:80/493754/NqCxf1/184587.m3u8;VOD_1RSVI4ZRM8C;Filmes Saimo
SportyNet 01;;Filmes;0;https://52d080a3e172c33fd6886a37e7.s23-cloudfront-net.lat/8e8e8b142192ea65/sportynet.txt;VOD_2EJ3S68MPD7;Filmes Saimo
SportyNet 4;;Filmes;0;http://tvonhdbr.com:80/493754/NqCxf1/184584.m3u8;VOD_202HKCR5VJT;Filmes Saimo
SportyNet+ 1;;Filmes;0;https://frostview.squareweb.app/relay/m/aHR0cDovL3BhbGRpLnBybzo4MC9saXZlL3RvbmluaG8wMi9DYjQ5ODAzNy8xODQ1NzMubTN1OA.m3u8;VOD_2DAQSELKWFA;Filmes Saimo
SportyNet+ 2;;Filmes;0;https://frostview.squareweb.app/relay/m/aHR0cDovL3BhbGRpLnBybzo4MC9saXZlL3RvbmluaG8wMi9DYjQ5ODAzNy8xODQ1NzQubTN1OA.m3u8;VOD_S0462GVHWZ;Filmes Saimo
SportyNet+ 3;;Filmes;0;https://frostview.squareweb.app/relay/m/aHR0cDovL3BhbGRpLnBybzo4MC9saXZlL3RvbmluaG8wMi9DYjQ5ODAzNy8xODQ1NzkubTN1OA.m3u8;VOD_H3A3LY2CCK;Filmes Saimo
Star Channel;;Filmes;0;https://52d080a3e172c33fd6886a37e7.s23-cloudfront-net.lat/8e8e8b142192ea65/starchannel.txt;VOD_24HA63XE4WM;Filmes Saimo
Star Trek Discovery;;Filmes;0;http://tvonhdbr.com:80/493754/NqCxf1/137055.m3u8;VOD_1WE2G25YEIX;Filmes Saimo
Star Trek Lower Decks;;Filmes;0;http://tvonhdbr.com:80/493754/NqCxf1/137058.m3u8;VOD_2BYJOM6ESUK;Filmes Saimo
Star vs. As Forcas do Mal;;Filmes;0;http://tvonhdbr.com:80/493754/NqCxf1/137060.m3u8;VOD_2318SEYJFF8;Filmes Saimo
Star Wars A Guerra dos Clones;;Filmes;0;http://tvonhdbr.com:80/493754/NqCxf1/137064.m3u8;VOD_5M92G5498Y;Filmes Saimo
Star Wars Aventuras dos Jovens Jedi;;Filmes;0;http://tvonhdbr.com:80/493754/NqCxf1/306863.m3u8;VOD_1B3Y7HC3AYD;Filmes Saimo
Star Wars Rebels;;Filmes;0;http://tvonhdbr.com:80/493754/NqCxf1/137072.m3u8;VOD_25XXGEHLPJ0;Filmes Saimo
Star Wars The Bad Batch;;Filmes;0;http://tvonhdbr.com:80/493754/NqCxf1/137071.m3u8;VOD_1J97CQM2CT3;Filmes Saimo
Star Wars Visions;;Filmes;0;http://tvonhdbr.com:80/493754/NqCxf1/137076.m3u8;VOD_Q95K6EDST6;Filmes Saimo
Steven Universo;;Filmes;0;http://tvonhdbr.com:80/493754/NqCxf1/137077.m3u8;VOD_1RUWU9IWA45;Filmes Saimo
Steven Universo Futuro;;Filmes;0;http://tvonhdbr.com:80/493754/NqCxf1/137082.m3u8;VOD_25MKBYXRGG2;Filmes Saimo
Street Fighter II Victory;;Filmes;0;http://tvonhdbr.com:80/493754/NqCxf1/254759.m3u8;VOD_14YLHW9406A;Filmes Saimo
Studio Universal;;Filmes;0;https://frostview.squareweb.app/relay/m/aHR0cDovL3BhbGRpLnBybzo4MC9saXZlL3RvbmluaG8wMi9DYjQ5ODAzNy83MjMzNC5tM3U4.m3u8;VOD_LUNBEPMFLI;Filmes Saimo
Summer Memories;;Filmes;0;http://tvonhdbr.com:80/493754/NqCxf1/375080.m3u8;VOD_20WB1J02NHK;Filmes Saimo
Super Amigos;;Filmes;0;http://tvonhdbr.com:80/493754/NqCxf1/149605.m3u8;VOD_11VRRDJOX3;Filmes Saimo
Super Choque;;Filmes;0;http://tvonhdbr.com:80/493754/NqCxf1/140535.m3u8;VOD_2A9FKAT9NJ8;Filmes Saimo
Super Fofos - Aventura na Cidade;;Filmes;0;http://tvonhdbr.com:80/493754/NqCxf1/375081.m3u8;VOD_1A4QY7J7PVL;Filmes Saimo
Super Hero Girls;;Filmes;0;http://tvonhdbr.com:80/493754/NqCxf1/137083.m3u8;VOD_21S6Q0CYLFI;Filmes Saimo
Super Onze;;Filmes;0;https://jmp2.uk/plu-63988c2750108d00072e2686.m3u8;VOD_1AQ13R9QBS0;Filmes Saimo
Supermaes;;Filmes;0;http://tvonhdbr.com:80/493754/NqCxf1/138723.m3u8;VOD_NCHEA2IMVB;Filmes Saimo
Superman A Serie Animada;;Filmes;0;http://tvonhdbr.com:80/493754/NqCxf1/137084.m3u8;VOD_2464A6I2YOV;Filmes Saimo
Supermansion;;Filmes;0;http://tvonhdbr.com:80/493754/NqCxf1/149540.m3u8;VOD_16TH6FZV6H;Filmes Saimo
Supernatural;;Filmes;0;http://tvonhdbr.com:80/493754/NqCxf1/136726.m3u8;VOD_23YTZNVZRVP;Filmes Saimo
Supernatural Academy;;Filmes;0;http://tvonhdbr.com:80/493754/NqCxf1/254757.m3u8;VOD_GGK3LLERXS;Filmes Saimo
SYFY;;Filmes;0;http://tvonhdbr.com:80/493754/NqCxf1/103474.m3u8;VOD_13LKVQUQ5E9;Filmes Saimo
Ta Puxado;;Filmes;0;http://tvonhdbr.com:80/493754/NqCxf1/140756.m3u8;VOD_OQNBXI3AZX;Filmes Saimo
Tapas e Beijos;;Filmes;0;http://tvonhdbr.com:80/493754/NqCxf1/137111.m3u8;VOD_3JUO9LABH;Filmes Saimo
Tastemade;;Filmes;0;https://jmp2.uk/plu-5fd1419a3b4f4b000773ba85.m3u8;VOD_69A1VL5D2M;Filmes Saimo
Tastemade Casa;;Filmes;0;https://jmp2.uk/plu-68b88821e542386ab0bf5bef.m3u8;VOD_23QL8KXYWEL;Filmes Saimo
Tastemade Viagem;;Filmes;0;https://jmp2.uk/plu-68b8875777201ec428d9eaa5.m3u8;VOD_DR5U33CQSM;Filmes Saimo
Taz Mania;;Filmes;0;http://tvonhdbr.com:80/493754/NqCxf1/140757.m3u8;VOD_2D5UNT7MR0P;Filmes Saimo
TCM;;Filmes;0;https://52d080a3e172c33fd6886a37e7.s23-cloudfront-net.lat/8e8e8b142192ea65/tcm.txt;VOD_10Q4WVK54PZ;Filmes Saimo
Telecine Action;;Filmes;0;https://frostview.squareweb.app/relay/m/aHR0cDovL3BhbGRpLnBybzo4MC9saXZlL3RvbmluaG8wMi9DYjQ5ODAzNy83MjM0Ni5tM3U4.m3u8;VOD_1DGQWDIJAFY;Filmes Saimo
Telecine Cult;;Filmes;0;https://frostview.squareweb.app/relay/m/aHR0cDovL3BhbGRpLnBybzo4MC9saXZlL3RvbmluaG8wMi9DYjQ5ODAzNy83MjM1MC5tM3U4.m3u8;VOD_5SYAN564OU;Filmes Saimo
Telecine Fun;;Filmes;0;https://frostview.squareweb.app/relay/m/aHR0cDovL3BhbGRpLnBybzo4MC9saXZlL3RvbmluaG8wMi9DYjQ5ODAzNy83MjM1NC5tM3U4.m3u8;VOD_145M3TYS8JO;Filmes Saimo
Telecine Pipoca;;Filmes;0;https://52d080a3e172c33fd6886a37e7.s23-cloudfront-net.lat/8e8e8b142192ea65/telecinepipoca.txt;VOD_9P5I154BHZ;Filmes Saimo
Telecine Premium;;Filmes;0;https://frostview.squareweb.app/relay/m/aHR0cDovL3BhbGRpLnBybzo4MC9saXZlL3RvbmluaG8wMi9DYjQ5ODAzNy83MjM2My5tM3U4.m3u8;VOD_10HFHYNHS17;Filmes Saimo
Telecine Touch;;Filmes;0;https://frostview.squareweb.app/relay/m/aHR0cDovL3BhbGRpLnBybzo4MC9saXZlL3RvbmluaG8wMi9DYjQ5ODAzNy83MjM2Ny5tM3U4.m3u8;VOD_7OHDLU1B6O;Filmes Saimo
Teletubbies;;Filmes;0;https://jmp2.uk/plu-64e50055286f6b000838c067.m3u8;VOD_2765SZBEH3Y;Filmes Saimo
Terra Viva;;Filmes;0;https://9ada494d.wurl.com/master/f36d25e7e52f1ba8d7e56eb859c636563214f541/TEctYnJfVXBseW5rLU5ld2NvX0hMUw/playlist.m3u8;VOD_1WIQVLVDJYG;Filmes Saimo
The Archie Show;;Filmes;0;http://tvonhdbr.com:80/493754/NqCxf1/145947.m3u8;VOD_1GXS688H76N;Filmes Saimo
The Big Bang Theory;;Filmes;0;http://tvonhdbr.com:80/493754/NqCxf1/135456.m3u8;VOD_2CP2Y5LN0Z8;Filmes Saimo
The Last Kingdom;;Filmes;0;http://tvonhdbr.com:80/493754/NqCxf1/371499.m3u8;VOD_1EBJ71R7EG5;Filmes Saimo
The Loud House;;Filmes;0;http://tvonhdbr.com:80/493754/NqCxf1/223836.m3u8;VOD_1ZBMTWJGAWF;Filmes Saimo
The Loud House Uma Verdadeira Familia Barulhenta;;Filmes;0;http://tvonhdbr.com:80/493754/NqCxf1/223837.m3u8;VOD_1D7XYL9L0NF;Filmes Saimo
The O.C. Um Estranho no Paraiso;;Filmes;0;http://tvonhdbr.com:80/493754/NqCxf1/137087.m3u8;VOD_14PB6AODG1C;Filmes Saimo
The Pet Collective;;Filmes;0;https://jmp2.uk/plu-5f515ebac01c0f00080e8439.m3u8;VOD_H9C9UDRPZK;Filmes Saimo
The Walking Dead by AMC;;Filmes;0;https://jmp2.uk/plu-678aa104680721c77c506746.m3u8;VOD_1GNFUESIFRF;Filmes Saimo
ThunderCats;;Filmes;0;http://tvonhdbr.com:80/493754/NqCxf1/135468.m3u8;VOD_294RWHASPP1;Filmes Saimo
ThunderCats (2011);2011;Filmes;0;http://tvonhdbr.com:80/493754/NqCxf1/135489.m3u8;VOD_266RCBK3HL0;Filmes Saimo
Tico e Teco Defensores da Lei;;Filmes;0;http://tvonhdbr.com:80/493754/NqCxf1/135490.m3u8;VOD_16PCUW3GE6M;Filmes Saimo
Tico e Teco Vida no Parque;;Filmes;0;http://tvonhdbr.com:80/493754/NqCxf1/135493.m3u8;VOD_VU4YDXMVW5;Filmes Saimo
Tigue E Lupa Os Detetives;;Filmes;0;http://tvonhdbr.com:80/493754/NqCxf1/149543.m3u8;VOD_26S1D7TGW7O;Filmes Saimo
Tiny Toon Aventuras;;Filmes;0;http://tvonhdbr.com:80/493754/NqCxf1/166351.m3u8;VOD_19NC969PEAO;Filmes Saimo
TLC;;Filmes;0;https://frostview.squareweb.app/relay/m/aHR0cDovL3BhbGRpLnBybzo4MC9saXZlL3RvbmluaG8wMi9DYjQ5ODAzNy83MjM3MS5tM3U4.m3u8;VOD_8IHSUGG53B;Filmes Saimo
TNT;;Filmes;0;https://frostview.squareweb.app/relay/m/aHR0cDovL3BhbGRpLnBybzo4MC9saXZlL3RvbmluaG8wMi9DYjQ5ODAzNy83MjM3NS5tM3U4.m3u8;VOD_29ZXOKXLGIT;Filmes Saimo
TNT Novelas;;Filmes;0;https://frostview.squareweb.app/relay/m/aHR0cDovL3BhbGRpLnBybzo4MC9saXZlL3RvbmluaG8wMi9DYjQ5ODAzNy83MjM0Mi5tM3U4.m3u8;VOD_152P0FRCKYD;Filmes Saimo
TNT Séries;;Filmes;0;https://frostview.squareweb.app/relay/m/aHR0cDovL3BhbGRpLnBybzo4MC9saXZlL3RvbmluaG8wMi9DYjQ5ODAzNy83MjM4MC5tM3U4.m3u8;VOD_1TBY5LYKKGS;Filmes Saimo
To de Graca;;Filmes;0;http://tvonhdbr.com:80/493754/NqCxf1/137178.m3u8;VOD_24ITDAC9ZSZ;Filmes Saimo
Tokusato;;Filmes;0;https://jmp2.uk/plu-5ff609de50ab210008025c1b.m3u8;VOD_16U7M2JVYPH;Filmes Saimo
Tom e Jerry;;Filmes;0;http://tvonhdbr.com:80/493754/NqCxf1/136814.m3u8;VOD_QHLSAMJUV1;Filmes Saimo
Toma La da Ca;;Filmes;0;http://tvonhdbr.com:80/493754/NqCxf1/138938.m3u8;VOD_27XUU340L1O;Filmes Saimo
Tooncast;;Filmes;0;http://64.31.23.207:80/59471019/60849037/1882638.m3u8;VOD_GHS79OHMO4;Filmes Saimo
Top 100 Catolicas 2021;;Filmes;0;http://tvonhdbr.com:80/493754/NqCxf1/140541.m3u8;VOD_1SO2CT0AW1S;Filmes Saimo
Top 100 Catolicas 2024;;Filmes;0;http://tvonhdbr.com:80/493754/NqCxf1/253772.m3u8;VOD_OTFDKIMQD2;Filmes Saimo
Top 100 Gospel 2021;;Filmes;0;http://tvonhdbr.com:80/493754/NqCxf1/140494.m3u8;VOD_1TDJ3WH0VHL;Filmes Saimo
Top 100 Gospel 2022;;Filmes;0;http://tvonhdbr.com:80/493754/NqCxf1/253773.m3u8;VOD_WNW135XM30;Filmes Saimo
Top 100 Gospel 2023;;Filmes;0;http://tvonhdbr.com:80/493754/NqCxf1/253774.m3u8;VOD_26PPF1QGM4K;Filmes Saimo
Top 100 Gospel 2024;;Filmes;0;http://tvonhdbr.com:80/493754/NqCxf1/253775.m3u8;VOD_1AYC8D7P4DC;Filmes Saimo
Top 100 MPB 2021;;Filmes;0;http://tvonhdbr.com:80/493754/NqCxf1/140542.m3u8;VOD_1Z1OGYBEWPD;Filmes Saimo
Top 100 MPB 2022;;Filmes;0;http://tvonhdbr.com:80/493754/NqCxf1/253776.m3u8;VOD_20FRHSNBOXH;Filmes Saimo
Top 100 MPB 2023;;Filmes;0;http://tvonhdbr.com:80/493754/NqCxf1/253777.m3u8;VOD_8WTR4UBLSL;Filmes Saimo
Top 100 MPB 2024;;Filmes;0;http://tvonhdbr.com:80/493754/NqCxf1/253778.m3u8;VOD_Q8495IC34D;Filmes Saimo
Top 100 Sertanejo 2021;;Filmes;0;http://tvonhdbr.com:80/493754/NqCxf1/140495.m3u8;VOD_YDSUMD6SP8;Filmes Saimo
Top 100 Sertanejo 2022;;Filmes;0;http://tvonhdbr.com:80/493754/NqCxf1/253779.m3u8;VOD_1CDBAHBYKB8;Filmes Saimo
Top 100 Sertanejo 2023;;Filmes;0;http://tvonhdbr.com:80/493754/NqCxf1/253780.m3u8;VOD_226U0RL44XU;Filmes Saimo
Top 100 Sertanejo 2024;;Filmes;0;http://tvonhdbr.com:80/493754/NqCxf1/253781.m3u8;VOD_22A6A2BWRCV;Filmes Saimo
Top 100 Spotify 2021;;Filmes;0;http://tvonhdbr.com:80/493754/NqCxf1/140496.m3u8;VOD_1GIXV7BZDVZ;Filmes Saimo
Top 100 Spotify 2022;;Filmes;0;http://tvonhdbr.com:80/493754/NqCxf1/253782.m3u8;VOD_24PBZHHG32S;Filmes Saimo
Top 100 Spotify 2023;;Filmes;0;http://tvonhdbr.com:80/493754/NqCxf1/253783.m3u8;VOD_NCX4535W45;Filmes Saimo
Top 100 Spotify 2024;;Filmes;0;http://tvonhdbr.com:80/493754/NqCxf1/253784.m3u8;VOD_1KMHKM5IVD;Filmes Saimo
Top Barça;;Filmes;0;https://jmp2.uk/plu-6888ee858f4a4aa11feb9430.m3u8;VOD_VD2NVDEEJV;Filmes Saimo
Top Chef Brasil;;Filmes;0;http://tvonhdbr.com:80/493754/NqCxf1/145948.m3u8;VOD_OP27MZYAPE;Filmes Saimo
Top Gospel 2025/2026 - As Mais Tocadas;;Filmes;0;http://tvonhdbr.com:80/493754/NqCxf1/375084.m3u8;VOD_28117UE0LYL;Filmes Saimo
Top MPB 2025/2026 - As Mais Tocadas;;Filmes;0;http://tvonhdbr.com:80/493754/NqCxf1/375083.m3u8;VOD_EDGFWWIGXX;Filmes Saimo
Top Sertanejo 2025/2026 - As Mais Tocadas;;Filmes;0;http://tvonhdbr.com:80/493754/NqCxf1/375082.m3u8;VOD_13YD6PE2QS3;Filmes Saimo
Top Wing;;Filmes;0;http://tvonhdbr.com:80/493754/NqCxf1/151952.m3u8;VOD_YAOKZ1J8IQ;Filmes Saimo
Topo Gigio;;Filmes;0;http://tvonhdbr.com:80/493754/NqCxf1/162378.m3u8;VOD_1LDVLYPDTG3;Filmes Saimo
Trace Brazuca;;Filmes;0;https://frostview.squareweb.app/relay/m/aHR0cDovL3BhbGRpLnBybzo4MC9saXZlL3RvbmluaG8wMi9DYjQ5ODAzNy83MjM4Ni5tM3U4.m3u8;VOD_2FV108OXV0Z;Filmes Saimo
Transformers;;Filmes;0;http://tvonhdbr.com:80/493754/NqCxf1/135555.m3u8;VOD_W51ZMBOFQ3;Filmes Saimo
Transformers Cyberverse;;Filmes;0;http://tvonhdbr.com:80/493754/NqCxf1/255234.m3u8;VOD_1TMAK0YEQYO;Filmes Saimo
Transformers War for Cybertron O Cerco;;Filmes;0;http://tvonhdbr.com:80/493754/NqCxf1/135502.m3u8;VOD_8LVE46K9B2;Filmes Saimo
Transformers War for Cybertron O Nascer da Terra;;Filmes;0;http://tvonhdbr.com:80/493754/NqCxf1/135503.m3u8;VOD_UGJBU5EU1X;Filmes Saimo
Transformers War for Cybertron O Reino;;Filmes;0;http://tvonhdbr.com:80/493754/NqCxf1/135504.m3u8;VOD_13RMBQUYX37;Filmes Saimo
Tratamento de Choque;;Filmes;0;http://tvonhdbr.com:80/493754/NqCxf1/137095.m3u8;VOD_SAQ3PPMJT3;Filmes Saimo
Travel Box Brazil;;Filmes;0;https://frostview.squareweb.app/relay/m/aHR0cDovL3BhbGRpLnBybzo4MC9saXZlL3RvbmluaG8wMi9DYjQ5ODAzNy83MjM5MC5tM3U4.m3u8;VOD_1SS7ABZ58PE;Filmes Saimo
Tres Espias Demais;;Filmes;0;http://tvonhdbr.com:80/493754/NqCxf1/140758.m3u8;VOD_26B8IR1MSCT;Filmes Saimo
Tubacao;;Filmes;0;http://tvonhdbr.com:80/493754/NqCxf1/135505.m3u8;VOD_1NM6WYCFC8B;Filmes Saimo
Turma da Mônica;;Filmes;0;https://jmp2.uk/plu-5f997e44949bc70007a6941e.m3u8;VOD_25DL1QI8OHA;Filmes Saimo
TV Aparecida;;Filmes;0;https://frostview.squareweb.app/relay/m/aHR0cDovL3BhbGRpLnBybzo4MC9saXZlL3RvbmluaG8wMi9DYjQ5ODAzNy83MjM5NC5tM3U4.m3u8;VOD_64Q1S9JXZP;Filmes Saimo
TV Brasil;;Filmes;0;https://frostview.squareweb.app/relay/m/aHR0cDovL3BhbGRpLnBybzo4MC9saXZlL3RvbmluaG8wMi9DYjQ5ODAzNy83MjM5OS5tM3U4.m3u8;VOD_K9IOVPQ3O7;Filmes Saimo
TV Câmara;;Filmes;0;https://stream3.camara.gov.br/tv1/manifest.m3u8;VOD_4KDCCGY8AW;Filmes Saimo
TV Cultura;;Filmes;0;https://52d080a3e172c33fd6886a37e7.s23-cloudfront-net.lat/8e8e8b142192ea65/cultura.txt;VOD_1E55NZUT4FQ;Filmes Saimo
TV Evangelizar;;Filmes;0;http://45.162.64.114/EVANGELIZAR/index.m3u8;VOD_24XNV7ZIMSL;Filmes Saimo
TV Gazeta;;Filmes;0;https://frostview.squareweb.app/relay/m/aHR0cDovL3BhbGRpLnBybzo4MC9saXZlL3RvbmluaG8wMi9DYjQ5ODAzNy8xMDQ5MTkubTN1OA.m3u8;VOD_K9997E3MQD;Filmes Saimo
Tv Goiania;;Filmes;0;http://64.31.23.207:80/59471019/60849037/324373.m3u8;VOD_1H76I0Y25EC;Filmes Saimo
TV Justiça;;Filmes;0;http://45.162.64.114/TV_JUSTICA/index.m3u8;VOD_2C11WZPQRWV;Filmes Saimo
TV Novo Tempo;;Filmes;0;https://frostview.squareweb.app/relay/m/aHR0cDovL3BhbGRpLnBybzo4MC9saXZlL3RvbmluaG8wMi9DYjQ5ODAzNy83MjQwOC5tM3U4.m3u8;VOD_43WD5T8LVA;Filmes Saimo
TV Pai Eterno;;Filmes;0;https://52d080a3e172c33fd6886a37e7.s23-cloudfront-net.lat/8e8e8b142192ea65/tvpaieterno.txt;VOD_1DZOWD1FQ6I;Filmes Saimo
TV Quack O Pato Donald e Seus Sobrinhos;;Filmes;0;http://tvonhdbr.com:80/493754/NqCxf1/137116.m3u8;VOD_172X3JDV3N1;Filmes Saimo
TV Rá Tim Bum;;Filmes;0;https://frostview.squareweb.app/relay/m/aHR0cDovL3BhbGRpLnBybzo4MC9saXZlL3RvbmluaG8wMi9DYjQ5ODAzNy83MjQxMi5tM3U4.m3u8;VOD_H78M4H5R1I;Filmes Saimo
TV Senado;;Filmes;0;http://45.162.64.114/TV_SENADO/index.m3u8;VOD_6MOBYZ6MUV;Filmes Saimo
TV Zyn;;Filmes;0;http://64.31.23.207:80/59471019/60849037/324286.m3u8;VOD_17YCQNHJXS0;Filmes Saimo
TVE Bahia;;Filmes;0;https://frostview.squareweb.app/relay/m/aHR0cDovL3BhbGRpLnBybzo4MC9saXZlL3RvbmluaG8wMi9DYjQ5ODAzNy8yNDE1NTEubTN1OA.m3u8;VOD_17ZB8BIU1A1;Filmes Saimo
TVideoNews;;Filmes;0;https://video01.logicahost.com.br/tvideonews/tvideonews/playlist.m3u8;VOD_1S152BF2F47;Filmes Saimo
UFC;;Filmes;0;https://jmp2.uk/plu-69a20556814d27f4ae630a92.m3u8;VOD_K7KQ9EYXZS;Filmes Saimo
UFC 24H;;Filmes;0;http://tvonhdbr.com:80/493754/NqCxf1/223831.m3u8;VOD_QSAZVNL1FA;Filmes Saimo
UFC Fight Pass;;Filmes;0;http://tvonhdbr.com:80/493754/NqCxf1/184046.m3u8;VOD_1D6SCVXB3GA;Filmes Saimo
UFC Fight Pass 01;;Filmes;0;https://52d080a3e172c33fd6886a37e7.s23-cloudfront-net.lat/8e8e8b142192ea65/ufcfightpass.txt;VOD_1EH4UIGPRE7;Filmes Saimo
UFC Fight Pass 03;;Filmes;0;http://64.31.23.207:80/59471019/60849037/297547.m3u8;VOD_QOWL2WMF47;Filmes Saimo
Ultimate Beastmaster Brasil;;Filmes;0;http://tvonhdbr.com:80/493754/NqCxf1/141496.m3u8;VOD_CSFE38KUT2;Filmes Saimo
Ultimate Homem Aranha;;Filmes;0;http://tvonhdbr.com:80/493754/NqCxf1/306864.m3u8;VOD_1AU1NTSJOQ0;Filmes Saimo
Um Maluco no Pedaco;;Filmes;0;http://tvonhdbr.com:80/493754/NqCxf1/135445.m3u8;VOD_QZP589V2MA;Filmes Saimo
Um Planeta Perfeito;;Filmes;0;http://tvonhdbr.com:80/493754/NqCxf1/138010.m3u8;VOD_1LEZNLAPUAO;Filmes Saimo
Uma Familia da Pesada;;Filmes;0;http://tvonhdbr.com:80/493754/NqCxf1/155454.m3u8;VOD_26LUU0CBRV5;Filmes Saimo
Uma Maldicao de Familia;;Filmes;0;http://tvonhdbr.com:80/493754/NqCxf1/306865.m3u8;VOD_JHLX8AA9TB;Filmes Saimo
Uma Verdadeira Vida de Inseto;;Filmes;0;http://tvonhdbr.com:80/493754/NqCxf1/306866.m3u8;VOD_ST0WNWHQS5;Filmes Saimo
Universal Reality;;Filmes;0;http://64.31.23.207:80/59471019/60849037/518601.m3u8;VOD_EX5JLN2CRD;Filmes Saimo
Universal TV;;Filmes;0;https://frostview.squareweb.app/relay/m/aHR0cDovL3BhbGRpLnBybzo4MC9saXZlL3RvbmluaG8wMi9DYjQ5ODAzNy83MjQxOS5tM3U4.m3u8;VOD_RXLEPDADBS;Filmes Saimo
Ursinhos Carinhosos e Seus Primos;;Filmes;0;http://tvonhdbr.com:80/493754/NqCxf1/151623.m3u8;VOD_1XFJXOGDH3C;Filmes Saimo
Ursinhos em Curso;;Filmes;0;http://tvonhdbr.com:80/493754/NqCxf1/225331.m3u8;VOD_7MVVY6PC31;Filmes Saimo
USA Network;;Filmes;0;https://frostview.squareweb.app/relay/m/aHR0cDovL3BhbGRpLnBybzo4MC9saXZlL3RvbmluaG8wMi9DYjQ5ODAzNy83MjMzOC5tM3U4.m3u8;VOD_1IM30WBDFRF;Filmes Saimo
Vai Que Cola;;Filmes;0;http://tvonhdbr.com:80/493754/NqCxf1/137440.m3u8;VOD_1W6VOMRRSHL;Filmes Saimo
Vampirina;;Filmes;0;http://tvonhdbr.com:80/493754/NqCxf1/138941.m3u8;VOD_XR2DFO9USQ;Filmes Saimo
Velozes e Furiosos;;Filmes;0;http://tvonhdbr.com:80/493754/NqCxf1/137618.m3u8;VOD_198KPRZ6HUG;Filmes Saimo
Velozes e Furiosos Espioes do Asfalto;;Filmes;0;http://tvonhdbr.com:80/493754/NqCxf1/138942.m3u8;VOD_1HA8MWUX96J;Filmes Saimo
Vikings;;Filmes;0;http://tvonhdbr.com:80/493754/NqCxf1/371505.m3u8;VOD_3GUTZLPPIS;Filmes Saimo
Warner;;Filmes;0;https://52d080a3e172c33fd6886a37e7.s23-cloudfront-net.lat/8e8e8b142192ea65/warnerchannel.txt;VOD_7E4HRZ3NZO;Filmes Saimo
WondLa A Trilogia;;Filmes;0;http://tvonhdbr.com:80/493754/NqCxf1/306867.m3u8;VOD_136TIH6XPOG;Filmes Saimo
Woohoo;;Filmes;0;https://frostview.squareweb.app/relay/m/aHR0cDovL3BhbGRpLnBybzo4MC9saXZlL3RvbmluaG8wMi9DYjQ5ODAzNy83MjQzNS5tM3U4.m3u8;VOD_2D4IRKQVQR6;Filmes Saimo
World Poker Tour;;Filmes;0;https://jmp2.uk/plu-63eba66da8b2270008436b10.m3u8;VOD_1MU65IKGPBI;Filmes Saimo
Wylde Pak;;Filmes;0;http://tvonhdbr.com:80/493754/NqCxf1/371461.m3u8;VOD_1XRV0EPIYTL;Filmes Saimo
X Men Evolution;;Filmes;0;http://tvonhdbr.com:80/493754/NqCxf1/138943.m3u8;VOD_Z0Z7M3MJI9;Filmes Saimo
X Men Serie Animada;;Filmes;0;http://tvonhdbr.com:80/493754/NqCxf1/137173.m3u8;VOD_ZHF7UTGWOE;Filmes Saimo
X Sports;;Filmes;0;https://frostview.squareweb.app/relay/m/aHR0cDovL3BhbGRpLnBybzo4MC9saXZlL3RvbmluaG8wMi9DYjQ5ODAzNy8zNDA0NDkubTN1OA.m3u8;VOD_HG304NPI42;Filmes Saimo
Xena A Princesa Guerreira;;Filmes;0;http://tvonhdbr.com:80/493754/NqCxf1/137117.m3u8;VOD_1KXYKFP3BU9;Filmes Saimo
Yabba Dabba Dinossauros;;Filmes;0;http://tvonhdbr.com:80/493754/NqCxf1/139305.m3u8;VOD_2BY2E74INZO;Filmes Saimo
Yo Gabba Gabbalândia!;;Filmes;0;http://tvonhdbr.com:80/493754/NqCxf1/371462.m3u8;VOD_29SIY7I11GF;Filmes Saimo
Yu Yu Hakusho;;Filmes;0;http://tvonhdbr.com:80/493754/NqCxf1/140759.m3u8;VOD_17NIVD1DHD1;Filmes Saimo
Yu-Gi-Oh;;Filmes;0;https://jmp2.uk/plu-63988a50be012600070f5db3.m3u8;VOD_19FA1FS0929;Filmes Saimo
Yu-Gi-Oh - Duel Monsters;;Filmes;0;http://tvonhdbr.com:80/493754/NqCxf1/138012.m3u8;VOD_K5SM901Q4M;Filmes Saimo
Z Nation;;Filmes;0;https://jmp2.uk/plu-66b3af48d2d50d00083d6936.m3u8;VOD_167WSFTJEY4;Filmes Saimo
Zoomoo;;Filmes;0;http://tvonhdbr.com:80/493754/NqCxf1/178533.m3u8;VOD_G18I61Q1JP;Filmes Saimo
Zorro;;Filmes;0;http://tvonhdbr.com:80/493754/NqCxf1/136818.m3u8;VOD_113CNXO3RXW;Filmes Saimo
Zouk a Bruxinha;;Filmes;0;http://tvonhdbr.com:80/493754/NqCxf1/306868.m3u8;VOD_2BIMWMC2BQ8;Filmes Saimo